time_slot,task_id,device_id,mode,server_id,partial_ratio,latency_s,energy_j,reliability,success,deadline_violation,failed_due_to_battery,failed_due_to_channel,failed_due_to_server,data_size_mb,output_size_mb,cpu_cycles_mi,deadline_s,priority,arrival_time,tx_time_s,rx_time_s,queue_delay_s,edge_compute_time_s,local_compute_time_s,execution_overhead_s,policy_overhead_s,prediction_overhead_s,fuzzy_overhead_s,drl_overhead_s,simulator_apply_overhead_s,online_overhead_s
0,28,1,edge,3,1.0,0.0952977322063483,0.02493308535237973,0.9113896173226939,1,0,0,0,0,1.8941198012002352,0.773728770382907,685.3400940621457,4.05051940817874,1,0,0.048685764977986476,0.019887642295750685,0.0,0.026724324932611142,0.0,0.06857340727373716,0.00024263800000312585,0.0,0.0,0.0,2.7020000004540634e-05,0.0002696580000076665
0,45,2,partial,0,0.75,0.14048292672587562,0.34148619505653544,0.8830150922633367,1,0,0,0,0,4.503259794492488,0.7737882678307703,672.295221555968,5.958815490832037,4,0,0.0852337818773412,0.014645590849587295,0.0,0.039752617448173544,0.14048292672587562,0.09987937272692848,0.0001702440000030947,0.0,0.0,0.0,2.111099999524413e-05,0.00019135499999833883
0,77,3,edge,3,1.0,0.24473818846617232,0.10149523079076443,0.9307108195638927,1,0,0,0,0,7.636176881103274,0.888473206768801,951.8357003621903,2.8640139394147193,2,0,0.1620438537119035,0.018853887827148967,0.026724324932611142,0.037116121994508706,0.0,0.20762206647166362,0.00015728500000022905,0.0,0.0,0.0,1.378000001750479e-05,0.00017106500001773384
0,83,4,edge,3,1.0,0.5319615767061879,0.19102066228659317,0.854677456034327,1,0,0,0,0,7.20896817173619,0.6868529365044378,5164.909615613634,3.524400460160182,2,0,0.24351757634763674,0.023201761808380305,0.06384044692711985,0.20140179162305105,0.0,0.3305597850831369,0.00019413600000461884,0.0,0.0,0.0,1.3345999974490041e-05,0.00020748199997910888
0,137,6,partial,4,0.75,0.26224165189476856,0.48029295502461533,0.9577218505920878,1,0,0,0,0,7.201983348814764,0.6432067453970054,831.2557968032374,2.8853813394785877,3,0,0.19853693495663002,0.017731267845206372,0.0,0.04597344909293219,0.25776403352274163,0.2162682028018364,0.000167151999988846,0.0,0.0,0.0,2.0816000017020997e-05,0.000187968000005867
0,153,7,partial,2,0.75,0.1479549936873136,0.2802336643553445,0.9360654574890347,1,0,0,0,0,3.54448267283419,0.6670617637152833,623.2281466909494,2.394902948759073,4,0,0.07029734109499743,0.013229763738082595,0.0,0.049932608982789305,0.1479549936873136,0.08352710483308003,0.00014666300000953925,0.0,0.0,0.0,1.543199999787248e-05,0.00016209500000741173
0,168,8,edge,0,1.0,0.3107916814980946,0.06486335537652177,0.9521418337415334,1,0,0,0,0,7.927712986825377,0.04852316653653809,2014.9699626031093,7.691707762687128,3,0,0.11149718643086226,0.0006824410210777141,0.039752617448173544,0.15885943659798107,0.0,0.15193224490011353,0.00014453299999672709,0.0,0.0,0.0,1.134199999341945e-05,0.00015587499999014653
0,229,11,edge,1,1.0,0.3202684990836314,0.051325359862202415,0.9024214544259318,0,0,0,1,0,2.8940211404537353,0.6153825824064899,2919.3379123343702,4.720989231331709,4,0,0.15713122716636904,0.03341227159632312,0.0,0.12972500032093928,0.0,0.19054349876269217,0.00014384199999994962,0.0,0.0,0.0,1.128499999936139e-05,0.000155126999999311
0,262,13,edge,1,1.0,0.5596980644977718,0.08936257617108045,0.8861142828656886,1,0,0,0,0,2.3971641010330877,0.7604791724098414,5961.911439303701,5.623359810219133,5,0,0.12529741183958734,0.03974949901001759,0.12972500032093928,0.2649261533272277,0.0,0.29477191117054424,0.00015594999999279935,0.0,0.0,0.0,1.1824000011984026e-05,0.00016777400000478337
0,272,13,edge,4,1.0,0.5053256123305093,0.04479716237660032,0.9669704016659878,1,0,0,0,0,1.9281949047996272,0.8611934979248222,4997.026263912096,2.913881622453874,5,0,0.06281117604308982,0.028053479588953417,0.04597344909293219,0.36848750760553395,0.0,0.13683810472497543,0.0001465390000134903,0.0,0.0,0.0,1.1607000004687507e-05,0.0001581460000181778
0,312,15,edge,2,1.0,0.1582818289573297,0.015920921638744208,0.8864895195472,1,0,0,0,0,0.44846149955520537,0.46277335500390604,660.1236384047318,7.70400667911925,1,0,0.018618422763670355,0.019212596790963075,0.049932608982789305,0.07051820041990697,0.0,0.08776362853742273,0.00015142000000878397,0.0,0.0,0.0,1.165999998420375e-05,0.00016307999999298772
0,336,16,edge,3,1.0,0.5577909140180439,0.17367550258915937,0.8922990112860415,1,0,0,0,0,7.010317497516084,0.3679500796900413,2638.0716545576124,3.0049060143323656,3,0,0.18021985446095734,0.009459187809130288,0.2652422385501709,0.10286963319778548,0.0,0.4549212808202585,0.00014736399998582783,0.0,0.0,0.0,1.1846000006698887e-05,0.00015920999999252672
0,370,18,edge,2,1.0,0.4223270467010757,0.023117510379875656,0.9320342738801628,1,0,0,0,0,2.0246992216437607,0.19929198464382825,2143.0136450763857,6.887428802345194,3,0,0.06641040162449548,0.006536803392453758,0.1204508094026963,0.22892903228143016,0.0,0.19339801441964555,0.0001473859999805427,0.0,0.0,0.0,1.1565999983531583e-05,0.00015895199996407428
0,385,19,edge,0,1.0,0.6292549821733263,0.07266245391178267,0.8908295493232988,1,0,0,0,0,4.074306851373685,0.4803724557026579,4071.3324435032036,2.1215807144597756,5,0,0.09809500309663266,0.011565682028539814,0.1986120540461546,0.32098224300199923,0.0,0.3082727391713271,0.00014761100001692284,0.0,0.0,0.0,1.1688999990155935e-05,0.00015930000000707878
1,2,0,edge,3,1.0,0.24558389993471497,0.006693183486655586,0.958682521654086,1,0,0,0,0,0.5095540639802001,0.8056311169900359,5772.404227049204,6.905068035063839,1,1,0.00793990796966862,0.012553401844030379,0.0,0.22509059012101598,0.0,0.020493309813699,0.0001766469999893161,0.0,0.0,0.0,1.3093999996272032e-05,0.00018974099998558813
1,29,1,edge,1,1.0,0.38042864810586974,0.08426293484782953,0.8720862288683016,1,0,0,0,0,2.647723509897403,0.32598606069152847,4402.566103089881,3.912631123642999,4,1,0.1645366140763346,0.02025764490203321,0.0,0.19563438912750192,0.0,0.18479425897836782,0.00015919099999450737,0.0,0.0,0.0,1.2083999990863958e-05,0.00017127499998537132
1,86,4,edge,0,1.0,0.11985924635962421,0.02029153489680534,0.9057125093629339,0,0,0,1,0,1.2105153238168855,0.8187351518236757,970.263063940567,4.370308450855706,2,1,0.025868119915896336,0.017495969419002746,0.0,0.07649515702472512,0.0,0.04336408933489908,0.00016355100001419487,0.0,0.0,0.0,1.159200002120997e-05,0.00017514300003540484
1,132,6,edge,3,1.0,0.5485652077572136,0.04045385143059991,0.8874033503910671,1,0,0,0,0,2.4354403796301507,0.6131864289990406,5946.61466892889,7.625508918215195,4,1,0.07316867529729248,0.018422146193925928,0.22509059012101598,0.23188379614497923,0.0,0.3166814116122344,0.00016487700000311634,0.0,0.0,0.0,1.2040999990858836e-05,0.00017691799999397517
1,152,7,edge,4,1.0,0.5311538725673752,0.07627186832247962,0.9291841714970371,1,0,0,0,0,1.7158490028990143,0.48166965023704433,5858.25927084884,4.542768931363754,2,1,0.07742365992144946,0.021734212702533055,0.0,0.4319959999433927,0.0,0.09915787262398251,0.0001596609999978682,0.0,0.0,0.0,1.1416000006647664e-05,0.00017107700000451587
1,293,14,edge,0,1.0,0.47655953831290454,0.006633826370954588,0.9711897065692584,1,0,0,0,0,2.266721452981272,0.37631617116462474,4751.271475178678,3.7808303752008467,3,1,0.021848734025750296,0.0036272793565132154,0.07649515702472512,0.37458836790591593,0.0,0.10197117040698864,0.0001735140000107549,0.0,0.0,0.0,1.2545000004138274e-05,0.00018605900001489317
1,334,16,edge,1,1.0,0.6380742431103952,0.1761976383382949,0.8801704280498969,1,0,0,0,0,3.5771276896507502,0.7189268522838811,5015.172913542679,4.535297287382026,2,1,0.1828370280453933,0.03674636760491152,0.19563438912750192,0.22285645833258838,0.0,0.41521778477780674,0.00015078999999218468,0.0,0.0,0.0,1.1905000008027855e-05,0.00016269500000021253
1,360,18,edge,2,1.0,0.6632614243000579,0.036372009158252616,0.9321455128120097,0,0,0,1,0,3.1896332630127118,0.2357703657101358,5158.409686944237,1.415691278836803,4,1,0.10448701855854324,0.007723440454167131,0.0,0.5510509652873474,0.0,0.11221045901271037,0.00036853800000358206,0.0,0.0,0.0,2.575799999249284e-05,0.0003942959999960749
1,363,18,edge,3,1.0,0.6344248998726236,0.005956913665541961,0.9875609222311472,1,0,0,0,0,1.767191749920326,0.7870542146709926,3916.3836562146416,6.478831961660459,3,1,0.017112613878848618,0.007621445085397416,0.45697438626599524,0.15271645464238237,0.0,0.48170844523024126,0.0003209720000256766,0.0,0.0,0.0,1.6964000025154746e-05,0.00033793600005083135
1,377,18,edge,1,1.0,0.7308691597173986,0.040966374451056775,0.8795938265294546,1,0,0,0,0,1.819287808404287,0.5311952473837155,3608.1004581275092,7.502048844948118,1,1,0.11768539672691104,0.03436175581401478,0.4184908474600903,0.16033115971638243,0.0,0.5705380000010161,0.00016710199997760355,0.0,0.0,0.0,1.254899999025838e-05,0.00017965099996786194
1,380,19,edge,3,1.0,0.9050797170428206,0.07027260366017783,0.9103268107401175,1,0,0,0,0,3.9437916440496417,0.042192498108323394,5116.273041502942,6.338675571753505,5,1,0.09486868255265156,0.0010149488285419927,0.6096908409083777,0.19950524475324935,0.0,0.7055744722895712,0.00016070800000989038,0.0,0.0,0.0,1.2145999988888434e-05,0.00017285399999877882
2,41,2,edge,3,1.0,0.1621543483927735,0.06372338345890885,0.8703539303063841,1,0,0,0,0,2.769586080400237,0.9379102935193039,1184.2425500457152,4.358497532714348,2,2,0.0866365433579462,0.02933915157408886,0.0,0.046178653460738434,0.0,0.11597569493203505,0.0001532949999898392,0.0,0.0,0.0,1.2597999983654518e-05,0.00016589299997349372
2,48,2,edge,3,1.0,0.22857077289775235,0.011709449347172357,0.8703539303063841,1,0,0,0,0,0.5089235090913284,0.46376325019527953,3897.1155993121865,4.630602134511887,4,2,0.0159198423090346,0.014507165968843647,0.046178653460738434,0.1519651111591357,0.0,0.07660566173861669,0.0001480529999753344,0.0,0.0,0.0,1.2079999976322142e-05,0.00016013299995165653
2,92,4,edge,0,1.0,0.31034275420901997,0.1156733573472599,0.9058366923282877,1,0,0,0,0,6.907127652785654,0.45911066089041913,1941.6374651893996,2.7911833371051014,3,2,0.1474630822237278,0.009801740541072763,0.0,0.1530779314442194,0.0,0.15726482276480058,0.00016834399997378569,0.0,0.0,0.0,1.1070999988760377e-05,0.00017941499996254606
2,97,4,edge,1,1.0,0.15210093967549604,0.011204780925833024,0.8662325068521963,1,0,0,0,0,0.2446349491126097,0.531285702408996,2403.327070906011,6.200315218242869,4,2,0.014284114932401174,0.031021512104790323,0.0,0.10679531263830455,0.0,0.0453056270371915,0.00015626600000473445,0.0,0.0,0.0,1.1378000010608957e-05,0.0001676440000153434
2,99,4,edge,4,1.0,0.3406451351461063,0.11787960311106407,0.9053877530224661,1,0,0,0,0,2.695147166125088,0.06088761747246231,2535.54475413748,1.65030171177223,1,2,0.15027565555897657,0.003394963639129827,0.0,0.18697451594799988,0.0,0.1536706191981064,0.00015114200002130929,0.0,0.0,0.0,1.1493999977574276e-05,0.00016263599999888356
2,119,5,edge,3,1.0,0.5320211379584087,0.0770322806678185,0.9612823290664954,1,0,0,0,0,7.516081449568047,0.05236399184952244,5533.781274157153,5.087086840213448,5,2,0.11727466295181121,0.0008170440323417541,0.19814376461987415,0.2157856663543816,0.0,0.3162354716040271,0.00014525599999615224,0.0,0.0,0.0,1.1387999990120079e-05,0.00015664399998627232
2,130,6,partial,2,0.75,0.365561024447541,0.6443969771422722,0.8498047741091921,1,0,0,0,0,4.954486597724743,0.5980998875287405,1178.887203557585,5.799364146593208,1,2,0.2150872315633593,0.025965081642564256,0.0,0.09445162912265766,0.365561024447541,0.24105231320592355,0.0001447799999994004,0.0,0.0,0.0,1.4776000000438216e-05,0.0001595559999998386
2,139,6,edge,1,1.0,0.3776199388775641,0.05818388276679269,0.8424672820556561,1,0,0,0,0,1.4149519908344612,0.9047518233772722,2212.0788141251055,2.997476933972186,1,2,0.10523689278393272,0.06729081357500338,0.10679531263830455,0.09829691988032345,0.0,0.27932301899724066,0.00014325700001904806,0.0,0.0,0.0,1.1433999986820709e-05,0.00015469100000586877
2,147,7,edge,1,1.0,0.5721302975043532,0.10277054903360362,0.917581145315853,1,0,0,0,0,2.6707196520506624,0.294776129583138,5653.043187351092,4.279981694718712,1,2,0.10432250072433644,0.011514418208718319,0.20509223251862801,0.2512011460526704,0.0,0.32092915145168277,0.00015869700001758247,0.0,0.0,0.0,1.1513000004015339e-05,0.0001702100000215978
2,177,8,edge,0,1.0,0.7313677173283016,0.06225414219074684,0.952008073868508,1,0,0,0,0,7.594083062076354,0.04943452825758411,5968.841554932089,5.037020716379143,3,2,0.10701206648411474,0.0006966069479710217,0.1530779314442194,0.47058111245199646,0.0,0.2607866048763052,0.00014547800000741518,0.0,0.0,0.0,1.1559000000715969e-05,0.00015703700000813114
2,189,9,edge,2,1.0,0.6645000105968137,0.04614051384843305,0.943252290488678,1,0,0,0,0,4.19352669549576,0.7649821789250913,4033.837656467046,2.673918591179552,4,2,0.11766604906625461,0.021464613709718822,0.09445162912265766,0.43091771869818263,0.0,0.2335822918986311,0.0001487530000190418,0.0,0.0,0.0,1.1529999994763784e-05,0.00016028300001380558
2,204,10,edge,3,1.0,0.7589437430728732,0.08733710587103162,0.9243120085845898,1,0,0,0,0,5.7847115179359205,0.8657355202983329,5097.701986529603,3.1875334075110255,5,2,0.12719702227516283,0.01903620948397423,0.4139294309742557,0.1987810803394804,0.0,0.5601626627333928,0.0001469980000194937,0.0,0.0,0.0,1.1540999992121215e-05,0.00015853900001161492
2,240,12,edge,4,1.0,0.7013626379273823,0.04609417413646599,0.8752159102350058,1,0,0,0,0,1.6711248432402792,0.41484111916739,4546.744577856702,1.9188920749128213,3,2,0.1434859517454805,0.03561904608603484,0.18697451594799988,0.3352831241478671,0.0,0.3660795137795152,0.000166341999999986,0.0,0.0,0.0,1.2005999991515637e-05,0.00017834799999150164
2,266,13,edge,1,1.0,0.7295558033718215,0.027568607736730404,0.8865545545526385,1,0,0,0,0,0.7418019684965069,0.37869601490197835,4835.5425541443,5.459047735684409,3,2,0.03865460627298944,0.019733494887935236,0.4562933785712984,0.21487432363959838,0.0,0.5146814797322231,0.0001677489999849513,0.0,0.0,0.0,1.2392000002137138e-05,0.00018014099998708843
2,268,13,edge,3,1.0,0.9573064398514831,0.11652040597108634,0.9285418173095658,1,0,0,0,0,7.734232840208249,0.4771708567863084,4388.857795629516,4.511205057580946,2,2,0.16337605651301576,0.010079641313537826,0.6127105113137361,0.17114023071119347,0.0,0.7861662091402897,0.00018179799999984425,0.0,0.0,0.0,1.1994000004733607e-05,0.00019379200000457786
2,313,15,partial,2,0.5,0.6069060487235636,0.6541978833244843,0.8828420815529259,0,0,0,1,0,2.7387486505229126,0.21922645563594936,378.0382903056576,4.243085450227397,2,2,0.05679811561411734,0.00454647401487771,0.5253693478208403,0.020192111273728212,0.4594345088355752,0.5867139374498354,0.0001573700000108147,0.0,0.0,0.0,1.567099999988386e-05,0.00017304100001069855
2,362,18,edge,3,1.0,0.982931354857499,0.014396317252391926,0.9875338982820411,1,0,0,0,0,4.265508785583148,0.699549049024348,3870.8600532284036,3.0223350991593896,1,2,0.04135675489854126,0.006782562178230831,0.7838507420249295,0.15094129575579737,0.0,0.8319900591017017,0.00015249000000494561,0.0,0.0,0.0,1.1897000007365932e-05,0.00016438700001231155
3,9,0,edge,3,1.0,0.16655841094685248,0.041492408665931034,0.9586786608709111,1,0,0,0,0,3.1586930691700283,0.2677190593766206,2902.1072847826554,5.429329349530502,3,3,0.04922110784863435,0.0041717977676678985,0.0,0.11316550533055023,0.0,0.05339290561630225,0.000199473999998645,0.0,0.0,0.0,1.365400001418493e-05,0.00021312800001282994
3,13,0,edge,0,1.0,0.13347541985136385,0.021965793742174493,0.839187924740885,1,0,0,0,0,0.804863264337822,0.7679173323734516,1047.150233260528,1.499049817622587,5,3,0.026057313555097945,0.02486119518762225,0.0,0.08255691110864366,0.0,0.05091850874272019,0.00023023500000363128,0.0,0.0,0.0,1.434900002550421e-05,0.0002445840000291355
3,31,1,edge,4,1.0,0.10313488294530831,0.03206413583464143,0.9713333174893479,1,0,0,0,0,1.9720001071241562,0.14240825453411238,488.2363705946933,4.275023359898052,5,3,0.06261026100079473,0.004521408468912941,0.0,0.03600321347560065,0.0,0.06713166946970767,0.00017196100000660408,0.0,0.0,0.0,1.1531000012610093e-05,0.00018349200001921417
3,81,4,edge,0,1.0,0.41961500747489816,0.11443923431233477,0.9059931840155055,1,0,0,0,0,6.841552505655991,0.7604155739332934,2219.1022107427225,1.0812347730298304,3,3,0.14588979351881867,0.016215160371554464,0.08255691110864366,0.17495314247588137,0.0,0.2446618649990168,0.00013829099998474703,0.0,0.0,0.0,1.1091999994050639e-05,0.00014938299997879767
3,138,6,edge,4,1.0,0.18325246878492885,0.03894515666432142,0.9596867004202368,1,0,0,0,0,1.9096898349790585,0.044925441111340336,1019.1329701160538,5.2491090587780675,2,3,0.070439906748124,0.001657098354160665,0.03600321347560065,0.07515225020704354,0.0,0.10810021857788532,0.00013846699999930934,0.0,0.0,0.0,1.0914999990063734e-05,0.00014938199998937307
3,140,7,edge,3,1.0,0.365497242751608,0.1059620308031469,0.9494451206419373,1,0,0,0,0,6.408258071187768,0.6828496956474818,3418.6569620535042,5.134346314133389,1,3,0.10756217748334664,0.011461585869632427,0.11316550533055023,0.13330797406807868,0.0,0.2321892686835293,0.0001399660000060976,0.0,0.0,0.0,1.0927999994692073e-05,0.00015089400000078967
3,142,7,edge,1,1.0,0.40574607740112806,0.16298938358035658,0.9179068145564164,1,0,0,0,0,4.246784914825656,0.03482953320286969,5377.082725008718,1.0014057154292997,1,3,0.1654507078780046,0.001356925542275038,0.0,0.23893844398084846,0.0,0.16680763342027963,0.00014868100001308449,0.0,0.0,0.0,1.1029999996026163e-05,0.00015971100000911065
3,149,7,edge,3,1.0,0.5464633140247752,0.06832382668017549,0.9494451206419373,1,0,0,0,0,4.132015123332892,0.4466800849771068,5722.298271501527,7.615790230503787,2,3,0.06935559384820884,0.007497494958045383,0.2464734793986289,0.22313674581989204,0.0,0.32332656820488315,0.00013325400001917842,0.0,0.0,0.0,1.0712000005241862e-05,0.00014396600002442028
3,180,9,edge,2,1.0,0.38985303716434616,0.05116058250575765,0.9431535305762325,1,0,0,0,0,4.643581567472132,0.025781186191706842,2421.3321259101604,7.705278674493129,3,3,0.13046806611550305,0.0007243593023448897,0.0,0.25866061174649824,0.0,0.13119242541784792,0.00013471899998762638,0.0,0.0,0.0,1.0717999998632877e-05,0.00014543699998625925
3,193,9,edge,1,1.0,0.8389398501334457,0.12490694608559688,0.9106972138590301,1,0,0,0,0,6.553615176390833,0.49559996934201284,5792.080517504386,2.6187458586556756,1,3,0.31853366208930917,0.024088273253297626,0.23893844398084846,0.2573794708099905,0.0,0.5815603793234552,0.00014011199999686141,0.0,0.0,0.0,1.1130000018511055e-05,0.00015124200001537247
3,196,9,edge,4,1.0,0.7357085998584333,0.08541043987567226,0.8685903392925762,1,0,0,0,0,2.56315502110479,0.1453088435743692,5348.344368484644,4.098879246289576,3,3,0.21781094684368238,0.012348007257887952,0.11115546368264419,0.3943941820742187,0.0,0.3413144177842145,0.00013250000000653017,0.0,0.0,0.0,1.0616999986723386e-05,0.00014311699999325356
3,231,11,partial,0,0.75,0.4718694234669885,0.613372388721043,0.8850660681397848,1,0,0,0,0,7.16946877333969,0.3675052551742768,898.8863858635028,5.152008457308917,4,3,0.15334790691619812,0.007860577044598346,0.257510053584525,0.053150885921667064,0.30835980764848575,0.41871853754532146,0.0001325489999999263,0.0,0.0,0.0,1.3857999988431402e-05,0.0001464069999883577
3,232,11,edge,0,1.0,0.7049662548897958,0.06664802469003854,0.8919896240591128,1,0,0,0,0,7.154646320415179,0.14000767999955652,2362.661757576064,4.209948422905206,1,3,0.20404115891007094,0.0039928359843456425,0.31066093950619206,0.18627132048918715,0.0,0.5186949344006087,0.00013234400000783353,0.0,0.0,0.0,1.0298000006514485e-05,0.00014264200001434801
3,270,13,edge,3,1.0,0.7281102223688966,0.04086462032315976,0.9283937688428876,0,1,0,0,0,2.709240804751555,0.37530210754161586,4956.256862318141,0.660199549339096,1,3,0.05729726448907289,0.007937199263130985,0.46961022521852097,0.19326553339817173,0.0,0.5348446889707248,0.00014495499999611638,0.0,0.0,0.0,1.0849999995343751e-05,0.00015580499999146014
3,286,14,edge,2,1.0,0.5698846646441378,0.025236127218918204,0.8728552665715448,1,0,0,0,0,1.4255895840141444,0.7052681350949123,1750.4095517650871,2.433768139975297,3,3,0.08311604805640997,0.0411191978859336,0.25866061174649824,0.1869888069552959,0.0,0.3828958576888418,0.0001348350000114351,0.0,0.0,0.0,1.0744999997314153e-05,0.00014558000000874927
3,375,18,partial,2,0.75,0.7349225021123419,0.805573034730489,0.924471982308756,0,0,0,1,0,5.648259348745949,0.13361910003781663,1837.9301826530716,3.861028089113243,4,3,0.1387373203729424,0.0032820652780412222,0.44564941870179414,0.1472536977595641,0.6300176687388487,0.5876688043527778,0.00014059499997642888,0.0,0.0,0.0,1.3976999980513938e-05,0.00015457199995694282
3,379,18,edge,3,1.0,0.8674567291967935,0.017918514407393973,0.9874086961344449,1,0,0,0,0,5.27878693806789,0.303126499736765,3850.567649598359,7.076815925415809,5,3,0.05147508182132123,0.0029558801215553076,0.6628757586166927,0.15015000863722433,0.0,0.7173067205595692,0.0001365189999944505,0.0,0.0,0.0,1.0492000001249835e-05,0.00014701099999570033
4,7,0,edge,3,1.0,0.2586840503564799,0.036148199015956735,0.9586805338798619,1,0,0,0,0,2.7519120218747144,0.7276063862680228,5243.458309162429,7.197108186430921,1,4,0.042881444088331055,0.011337867025926781,0.0,0.20446473924222208,0.0,0.05421931111425784,0.00013980500000343454,0.0,0.0,0.0,1.1373999996067141e-05,0.00015117899999950168
4,70,3,edge,1,1.0,0.24665089526508632,0.07009920260229723,0.9263704652622603,1,0,0,0,0,2.8819373751122703,0.27186823369312657,2794.4419214363884,4.169353855784839,1,4,0.11191801667237908,0.010557812176599521,0.0,0.12417506641610773,0.0,0.1224758288489786,0.00014811799999847608,0.0,0.0,0.0,1.1242999988780866e-05,0.00015936099998725695
4,72,3,edge,0,1.0,0.10779995533248406,0.032476177245076704,0.9100021026983631,1,0,0,0,0,2.4099849617943665,0.9624750893818536,447.01036779413073,1.8780433871087205,3,4,0.051850366501180724,0.02070746785720563,0.0,0.03524212097409771,0.0,0.07255783435838635,0.00013418899999351197,0.0,0.0,0.0,1.0564999996631741e-05,0.0001447539999901437
4,108,5,edge,3,1.0,0.45257421171829115,0.04097885485619451,0.9612926209020249,1,0,0,0,0,3.9988283955546975,0.5335540008675523,4549.357313066923,3.7826452891064655,4,4,0.06238659104661687,0.008324091949135241,0.20446473924222208,0.17739878948031695,0.0,0.2751754222379742,0.00013468200000943398,0.0,0.0,0.0,1.0373999998591898e-05,0.00014505600000802588
4,110,5,edge,2,1.0,0.11922929111992486,0.04015764963403221,0.9517718440342788,1,0,0,0,0,2.625226419055571,0.7857685524691291,372.5122604115036,7.034526155125645,3,4,0.06113638055293244,0.018299010287867533,0.0,0.03979390027912488,0.0,0.07943539084079998,0.00013756800001374359,0.0,0.0,0.0,1.0551999992003402e-05,0.000148120000005747
4,111,5,edge,0,1.0,0.4053830661785366,0.06593936402761352,0.8793889757124531,1,0,0,0,0,3.7548546461300814,0.6685204863250275,3194.8565389943715,1.7404832566804673,3,4,0.10038670313997018,0.01787301345282863,0.03524212097409771,0.2518812286116401,0.0,0.1535018375668965,0.0001338140000086696,0.0,0.0,0.0,1.0368999994625483e-05,0.0001441830000032951
4,116,5,edge,1,1.0,0.36505453644832003,0.036504634220177586,0.9135892427993755,1,0,0,0,0,1.288282290120694,0.4491234204852702,3734.092845304652,7.51693169038274,4,4,0.055574995797040797,0.019374660660345704,0.12417506641610773,0.16592981357482578,0.0,0.19912472287349423,0.00013278299999797127,0.0,0.0,0.0,1.0446999993973805e-05,0.00014322999999194508
4,163,8,partial,2,0.5,0.24964276863602788,0.2850389141350874,0.8764978919415713,1,0,0,0,0,7.394746364152204,0.15903141382498423,375.58793173536304,2.4772452859961174,4,4,0.1743968919134518,0.0037505795225282117,0.03979390027912488,0.02006123058206093,0.24964276863602788,0.21794137171510491,0.00013325500000860302,0.0,0.0,0.0,3.250899999329704e-05,0.00016576400000190006
4,167,8,edge,1,1.0,0.6468998894023172,0.08303612806852623,0.9390271482721442,1,0,0,0,0,4.140261548883882,0.8796709641683578,4134.737122145797,1.207691308599692,5,4,0.1427353641822945,0.030326624042630538,0.2901048799909335,0.18373302118645876,0.0,0.4631668682158585,0.00015393799998264512,0.0,0.0,0.0,1.1459999996077386e-05,0.0001653979999787225
4,219,10,edge,4,1.0,0.6164713152233765,0.20030590661059558,0.8879368420852771,1,0,0,0,0,4.526782689024901,0.4546874464196857,4006.511799236924,7.6982815502889945,4,4,0.29172382815864956,0.029301862182786558,0.0,0.2954456248819405,0.0,0.32102569034143613,0.00014350000000717955,0.0,0.0,0.0,1.1332000013908328e-05,0.00015483200002108788
4,275,13,edge,3,1.0,0.6552424948823332,0.05974977005741673,0.9280856677456726,1,0,0,0,0,3.9515388954881248,0.3486861917177977,4672.736875999727,6.737816371846981,2,4,0.08377658598239437,0.007392496820586469,0.381863528722539,0.1822098833568133,0.0,0.47303261152551984,0.0001493909999794596,0.0,0.0,0.0,1.1287999996056897e-05,0.0001606789999755165
4,320,16,edge,0,1.0,0.8734168118903315,0.13782090592327692,0.8988147279631256,1,0,0,0,0,6.605235872533593,0.11381705503260943,5591.287921809118,6.759180776556964,1,4,0.14301420313679072,0.0024643261411074024,0.28712334958573776,0.4408149330266956,0.0,0.4326018788636359,0.00014870500001507025,0.0,0.0,0.0,1.1202000024468362e-05,0.00015990700003953862
4,351,17,edge,2,1.0,0.6683522467083443,0.07491802260086802,0.9388538654705139,1,0,0,0,0,4.077154632914913,0.16286973073994956,4599.131863170477,6.060744056598912,4,4,0.11268981174482422,0.004501609810882578,0.05985513086118582,0.49130569429145166,0.0,0.1770465524168926,0.00014388400001053014,0.0,0.0,0.0,1.1360999991438803e-05,0.00015524500000196895
4,393,19,edge,3,1.0,0.9411829759727709,0.10537772876825394,0.9104254270243053,1,0,0,0,0,5.91807357374344,0.14227881619491609,5934.938069643316,6.501584229394545,1,4,0.14226093495807157,0.0034201530556189487,0.5640734120793522,0.23142847587972817,0.0,0.7097545000930428,0.0001474940000036895,0.0,0.0,0.0,3.069899997854009e-05,0.0001781929999822296
5,26,1,edge,3,1.0,0.26386753993949846,0.015251131277815156,0.9118142004890407,1,0,0,0,0,1.1623750313650796,0.10997371488857728,5930.868016525242,1.3756736382619124,1,5,0.029780229062957037,0.002817543677310402,0.0,0.231269767199231,0.0,0.03259777274026744,0.00015791500001682834,0.0,0.0,0.0,1.2808000008135423e-05,0.00017072300002496377
5,34,1,edge,4,1.0,0.5056453195398362,0.07080670983117959,0.9717296055946258,1,0,0,0,0,4.382423020421889,0.4076920251490026,4807.638652992016,7.050780868592633,2,5,0.13826122138455157,0.012862290354712484,0.0,0.354521807800572,0.0,0.15112351173926405,0.0001568460000100913,0.0,0.0,0.0,1.1951999994153084e-05,0.00016879800000424439
5,49,2,edge,0,1.0,0.23941411602019136,0.08964743418209643,0.8841738547782514,1,0,0,0,0,4.827181466848035,0.23775294752271903,1414.6303222200336,7.090181635607402,3,5,0.12188216313802773,0.006003056594313702,0.0,0.1115288962878499,0.0,0.12788521973234143,0.00014980099999206686,0.0,0.0,0.0,1.152399997295106e-05,0.00016132499996501792
5,56,2,edge,1,1.0,0.5430600884885951,0.24924101529519022,0.8567692673427176,1,0,0,0,0,5.384963307317671,0.6841181993347707,3626.510030968609,3.654719828824471,1,5,0.3388611661231779,0.04304970666701581,0.0,0.16114921569840143,0.0,0.3819108727901937,0.000150343000001385,0.0,0.0,0.0,1.1714000009988013e-05,0.00016205700001137302
5,60,3,edge,2,1.0,0.27603361316075714,0.015734846318374938,0.9239798402255265,1,0,0,0,0,0.7716730980712929,0.8692265429485231,2083.9014269164763,4.208952179656018,1,5,0.025121723603450788,0.02829756410494749,0.0,0.22261432545235885,0.0,0.05341928770839828,0.00014888899997345106,0.0,0.0,0.0,1.1636000010639691e-05,0.00016052499998409075
5,71,3,edge,0,1.0,0.28846595984204704,0.04908953932860313,0.9099874064577255,1,0,0,0,0,3.6423911213388753,0.6470267907640292,1073.5726784058343,1.5352841604421625,2,5,0.07837469867079444,0.013922318627721041,0.1115288962878499,0.08464004625568168,0.0,0.20382591358636537,0.00016206000000806853,0.0,0.0,0.0,1.2424999994209429e-05,0.00017448500000227796
5,107,5,edge,3,1.0,0.4818618446966702,0.017445699928140285,0.9612470329364878,1,0,0,0,0,1.7014579817777717,0.4801420527515475,5553.065435527923,1.0262993123771977,4,5,0.026559496373392635,0.007494943304708426,0.231269767199231,0.21653763781933813,0.0,0.26532420687733205,0.0001455180000107248,0.0,0.0,0.0,1.1491000009300478e-05,0.00015700900002002527
5,127,6,edge,0,1.0,0.5800524001482686,0.11181765510401405,0.8544480864211638,1,0,0,0,0,6.133389159217525,0.386697954520225,2142.176518413341,5.272261774594799,4,5,0.2022440239799169,0.012751082371716098,0.19616894254353157,0.1688883512531041,0.0,0.41116404889516456,0.00014997899998547837,0.0,0.0,0.0,1.1413000009952157e-05,0.00016139199999543052
5,143,7,edge,1,1.0,0.622564193294228,0.21401074148444973,0.9185639360420095,1,0,0,0,0,5.605959559819905,0.8159011013269696,4783.338784045436,3.8930309022499423,4,5,0.21724254607443177,0.03161785787175712,0.16114921569840143,0.21255457364963773,0.0,0.4100096196445903,0.00014243999999052903,0.0,0.0,0.0,1.1560000018562278e-05,0.0001540000000090913
5,186,9,partial,2,0.5,0.35752015777597035,0.5431586246865303,0.9408799525263011,1,0,0,0,0,6.339519709258039,0.8718549788342747,626.586522181719,5.866430807792923,5,5,0.08917418921545857,0.012263856635301246,0.22261432545235885,0.03346778647285162,0.28500336510317664,0.32405237130311865,0.000148125999999138,0.0,0.0,0.0,1.4619000012316974e-05,0.00016274500001145498
5,207,10,edge,2,1.0,0.45443647698543504,0.055097675719749356,0.9423125043068509,1,0,0,0,0,3.0384512714857688,0.34069501834649224,1021.4111860842025,7.367300861158836,2,5,0.08024378889064138,0.008997563786804063,0.2560821119252105,0.10911301238277911,0.0,0.34532346460265595,0.00015275900000233378,0.0,0.0,0.0,1.15690000086488e-05,0.00016432800001098258
5,248,12,edge,1,1.0,0.7082379293398098,0.06953633978745603,0.9472561676949225,1,0,0,0,0,6.421363358818179,0.4522247312478383,2314.1198712088462,4.292981176063387,4,5,0.21645876257075336,0.015244115658923621,0.3737037893480392,0.10283126176209363,0.0,0.6054066675777162,0.00014461300000334631,0.0,0.0,0.0,1.1165000017854254e-05,0.00015577800002120057
5,257,12,edge,0,1.0,0.5291041413834874,0.006700637737103372,0.8936833930688194,0,0,0,1,0,0.7389944928676841,0.5049061700206386,1635.4394561116019,1.2679920862557803,3,5,0.020858327565724637,0.01425111876460436,0.36505729379663565,0.1289374012565227,0.0,0.4001667401269646,0.00017296900000474125,0.0,0.0,0.0,1.5930000017760904e-05,0.00018889900002250215
5,264,13,edge,3,1.0,0.7283476584542311,0.04503053731840574,0.9277416284891018,1,0,0,0,0,2.969922961840751,0.6407705125116631,5225.886583037117,3.0562352412573244,5,5,0.06313839664761281,0.013622313877791711,0.44780740501856914,0.2037795429102574,0.0,0.5245681155439736,0.0001522330000227612,0.0,0.0,0.0,1.1724999978923734e-05,0.00016395800000168492
5,267,13,edge,4,1.0,0.796974345864038,0.07842539199376296,0.965981824022293,1,0,0,0,0,3.331231995569544,0.6448799594899538,4220.200013144138,3.887684193167578,1,5,0.10996212352373573,0.021287130364299963,0.354521807800572,0.31120328417543036,0.0,0.48577106168860773,0.00014845600000512604,0.0,0.0,0.0,1.1562000025833186e-05,0.00016001800003095923
5,288,14,edge,1,1.0,0.7867776227847412,0.01669867900983304,0.9223472820694589,0,1,0,0,0,1.205123508537088,0.6482648883493392,5078.2714505723025,0.7697722984809028,4,5,0.05499767040401471,0.029584568230033095,0.47653505111013283,0.22566033304056057,0.0,0.5611172897441806,0.00015175699999758763,0.0,0.0,0.0,1.1612000008653922e-05,0.00016336900000624155
5,374,18,edge,3,1.0,0.8727884368595636,0.013878894360249458,0.9874791508309672,1,0,0,0,0,4.101861915448935,0.6686302702452818,4483.5331585479325,5.049131724086252,2,5,0.039870337827142326,0.006499125349814504,0.6515869479288265,0.17483202575378035,0.0,0.6979564111057833,0.0001612720000139234,0.0,0.0,0.0,1.1741000008669289e-05,0.00017301300002259268
6,35,1,edge,3,1.0,0.26517961114199856,0.01658855622811282,0.9117007142149302,1,0,0,0,0,1.2632080535806376,0.13092780796640183,5883.7013635554085,7.561934771419383,2,6,0.03239176132563678,0.0033573110102608833,0.0,0.22943053880610093,0.0,0.035749072335897664,0.0001556530000073053,0.0,0.0,0.0,1.254900001868009e-05,0.0001682020000259854
6,44,2,edge,0,1.0,0.3364351718354255,0.10376721178616549,0.8844633844353114,0,0,0,1,0,5.59854480452313,0.8383542000201787,2209.9333141926277,5.5224279102180445,3,6,0.14107902084079404,0.021125880704046324,0.0,0.1742302702905851,0.0,0.16220490154484038,0.000175066999986484,0.0,0.0,0.0,1.0710999987395553e-05,0.00018577799997387956
6,76,3,edge,1,1.0,0.21421906398402923,0.014264194157230937,0.9262357343772764,1,0,0,0,0,0.5856891015505257,0.6700423579211715,3721.981789474852,6.291544314749533,5,6,0.022773730088831396,0.026053692593876174,0.0,0.16539164130132167,0.0,0.048827422682707566,0.0001354649999996127,0.0,0.0,0.0,1.0461000016448452e-05,0.00014592600001606115
6,134,6,edge,4,1.0,0.2639717415904348,0.00477137321240372,0.959489696118522,1,0,0,0,0,0.23341532174719803,0.05453196720148129,3435.3258605583164,1.0691532595350777,4,6,0.00862995845771291,0.002016185604455915,0.0,0.25332559752826594,0.0,0.010646144062168825,0.00017701999999530926,0.0,0.0,0.0,1.1547000013933939e-05,0.0001885670000092432
6,160,8,edge,0,1.0,0.3903414297146408,0.058766318544206664,0.951692132146896,1,0,0,0,0,7.136081495989027,0.8104786371746386,1314.3338738255939,7.776169652761956,3,6,0.10101665472814164,0.01147294081521111,0.1742302702905851,0.10362156388070298,0.0,0.2867198658339378,0.00015319599998520061,0.0,0.0,0.0,1.1564999994106984e-05,0.0001647609999793076
6,161,8,edge,1,1.0,0.6088389824346015,0.14081807567920424,0.9384826146671996,1,0,0,0,0,6.978588105906036,0.8803161949124786,3844.877400846989,4.409800492184443,4,6,0.2420599296120078,0.03053472607109251,0.16539164130132167,0.1708526854501795,0.0,0.437986296984422,0.0001426000000037675,0.0,0.0,0.0,1.1296999986143419e-05,0.0001538969999899109
6,164,8,edge,2,1.0,0.39639622308693173,0.04606281074215349,0.8791386860760688,1,0,0,0,0,1.6712869112266546,0.5916603614261491,2707.0765006647202,3.7192182135443774,4,6,0.07917989698550834,0.028030858228732813,0.0,0.2891854678726906,0.0,0.10721075521424116,0.00014518500000804124,0.0,0.0,0.0,1.2032000000772314e-05,0.00015721700000881356
6,200,10,edge,3,1.0,0.5537976498676496,0.06818544685652221,0.9248776724338784,1,0,0,0,0,4.536281123266856,0.33368661983449727,5584.351056888186,1.1359907664659283,1,6,0.09930470807514681,0.007304805736418623,0.22943053880610093,0.2177575972499832,0.0,0.33604005261766634,0.00014680300000691204,0.0,0.0,0.0,1.128499999936139e-05,0.00015808800000627343
6,249,12,edge,1,1.0,0.6983675727039407,0.028163096632881753,0.9471926337322697,1,0,0,0,0,2.598393372393183,0.3192686767251401,5933.929606880845,3.0137232116904307,2,6,0.08766853512778432,0.010771970671592293,0.3362443267515012,0.26368274015306287,0.0,0.43468483255087775,0.0001475920000189035,0.0,0.0,0.0,1.1336999989453034e-05,0.00015892900000835652
6,297,14,edge,0,1.0,0.6712733068034002,0.01795744074985895,0.9717501499568459,0,1,0,0,0,6.2995692769886205,0.7645040572438995,4148.936148035885,0.6311780683247852,4,6,0.059143445243710915,0.007177538949109501,0.2778518341712881,0.32710048843929174,0.0,0.3441728183641085,0.00014500199998224161,0.0,0.0,0.0,1.1481000001367647e-05,0.00015648299998360926
6,299,14,edge,4,1.0,0.4540044003768464,0.009902430168376572,0.8787056352484849,0,0,0,0,1,0.3836664113781132,0.28321715424592764,1952.6304022609606,7.945869662066253,5,6,0.03261399241691225,0.0240751909653436,0.25332559752826594,0.14398961946632463,0.0,0.3100147809105218,0.0001545930000190765,0.0,0.0,0.0,1.1770000014621473e-05,0.00016636300003369797
6,301,15,edge,2,1.0,0.520975440954874,0.061386033724864425,0.8867628582172788,1,0,0,0,0,1.7323591298371341,0.7101936822899286,1222.3056379322252,7.112938740544877,3,6,0.07178674410990954,0.029429516813765145,0.2891854678726906,0.1305737121585087,0.0,0.3904017287963653,0.00014349999997875784,0.0,0.0,0.0,1.1430000000700602e-05,0.00015492999997945844
6,305,15,edge,3,1.0,0.7024604649188595,0.053305581305849656,0.8855050156515769,1,0,0,0,0,2.266154216524987,0.2632167284383618,4762.101005070351,1.3552839411172533,3,6,0.06233721080570527,0.0072405472534041535,0.4471881360560841,0.1856945708036659,0.0,0.5167658941151936,0.00015063000000736793,0.0,0.0,0.0,1.166100000205006e-05,0.00016229100000941798
6,308,15,edge,3,1.0,0.9578163455469055,0.08097766316677277,0.8855050156515769,1,0,0,0,0,3.442563955485547,0.25415502510572907,5725.0629646991,1.0149480211909887,4,6,0.09469780716614301,0.006991278555455035,0.63288270685975,0.22324455296555748,0.0,0.7345717925813481,0.00014455600000928825,0.0,0.0,0.0,1.1128000011240147e-05,0.0001556840000205284
6,311,15,edge,1,1.0,1.139478912179217,0.22432692817153532,0.9267570584605914,1,0,0,0,0,7.107478949782824,0.9460941297246085,5452.661197121154,6.706948569521611,5,6,0.2623349125599111,0.03492005006955865,0.5999270669045641,0.24229688264518318,0.0,0.8971820295340338,0.0001442880000013247,0.0,0.0,0.0,1.130600000465165e-05,0.00015559400000597634
6,353,17,partial,4,0.5,0.5511259828910897,1.0794146014447565,0.9015705478151912,1,0,0,0,0,3.065684448209928,0.4563468724151359,1305.4144194333999,4.219916335595986,2,6,0.08572221269468301,0.012760303390835125,0.3973152169945906,0.04813151666654924,0.5511259828910897,0.49579773308010877,0.0001531569999997373,0.0,0.0,0.0,1.466899999513771e-05,0.00016782599999487502
7,37,1,edge,3,1.0,0.16671565895535698,0.006774813181640395,0.911758188315412,1,0,0,0,0,0.5161251071792567,0.3290437981456938,3719.8557812546464,0.9979866387745924,3,7,0.013228886745042481,0.008433775220929508,0.0,0.14505299698938498,0.0,0.02166266196597199,0.00017894199999091143,0.0,0.0,0.0,1.3024999987010233e-05,0.00019196699997792166
7,105,5,edge,1,1.0,0.32733009376852773,0.029291523653575603,0.9137136177171162,1,0,0,0,0,1.0347952729428105,0.8215286653798711,5566.000371064329,1.2596963183136676,2,7,0.04459368895789653,0.03540313212850415,0.0,0.24733327268212704,0.0,0.07999682108640069,0.00015974600000845385,0.0,0.0,0.0,1.2781999998878746e-05,0.0001725280000073326
7,115,5,edge,3,1.0,0.35138343870446415,0.07306931925320576,0.9611682914809518,1,0,0,0,0,7.119568229205735,0.9197071358295555,2070.018937583567,6.019727398164573,3,7,0.11124141351195785,0.014370186296834984,0.14505299698938498,0.08071884190628634,0.0,0.2706645967981778,0.00015242899999634574,0.0,0.0,0.0,1.1806999992813871e-05,0.0001642359999891596
7,158,7,edge,0,1.0,0.28986220982959365,0.09847358813994388,0.8920680015029201,1,0,0,0,0,4.426395438846068,0.3914862777815394,2296.5701056111157,1.0205901744155739,3,7,0.09996065085434411,0.008840878242407776,0.0,0.1810606807328418,0.0,0.10880152909675188,0.00015295799997261383,0.0,0.0,0.0,1.2516999987610689e-05,0.00016547499996022452
7,199,9,edge,3,1.0,0.47337571591971883,0.008042573297520757,0.9293424504824273,1,0,0,0,0,0.8778031684814995,0.5205522929761722,5511.869633112175,3.491369342493764,5,7,0.020509910820535097,0.012162727920924982,0.22577183889567132,0.21493123828258742,0.0,0.2584444776371314,0.00015101799999683863,0.0,0.0,0.0,1.218399998492714e-05,0.00016320199998176577
7,210,10,edge,2,1.0,0.5826803668896828,0.10817422076926278,0.942012128024352,1,0,0,0,0,5.943441716222297,0.6642609657493763,3814.891630115331,0.8480428632336591,3,7,0.15754402016829475,0.017607700719836007,0.0,0.40752864600155214,0.0,0.17515172088813075,0.00016054800002507363,0.0,0.0,0.0,1.2233000006744987e-05,0.00017278100003181862
7,226,11,partial,4,0.75,0.3074192604622152,0.4716559715923808,0.9438029069095313,1,0,0,0,0,7.389861455411339,0.8899996496453261,625.7501745892047,6.28880290453058,2,7,0.2434870864783548,0.029324422787414043,0.0,0.03460775119644638,0.21466139270423237,0.27281150926576886,0.00016365700000164907,0.0,0.0,0.0,1.4683999978615248e-05,0.00017834099998026431
7,274,13,edge,4,1.0,0.6558787769228405,0.16306044300737674,0.9659957785732239,1,0,0,0,0,6.927508024935182,0.4993517645843539,5101.069356948774,3.958670448220345,5,7,0.22863095892766738,0.016480280119229723,0.03460775119644638,0.37615978667949695,0.0,0.27971899024334346,0.0001492490000032376,0.0,0.0,0.0,1.1531000012610093e-05,0.0001607800000158477
7,292,14,edge,0,1.0,0.46305670887646916,0.006558648926681505,0.9719522984167228,1,0,0,0,0,2.3240888023776085,0.44545380077284724,3250.3288549719114,4.383272514106082,2,7,0.02160113454201194,0.004140249491715189,0.1810606807328418,0.25625464410990023,0.0,0.20680206476656893,0.00017964200000619712,0.0,0.0,0.0,1.1585000009972646e-05,0.00019122700001616977
7,366,18,partial,1,0.75,0.43155878635813816,0.4866702849600922,0.8725425925294978,1,0,0,0,0,2.9806956482906735,0.09407598302878477,1059.1888109426181,4.098493994755554,4,7,0.14436903424016925,0.004556539954976223,0.24733327268212704,0.035299939480865614,0.3630756335156735,0.39625884687727253,0.00014406399998279085,0.0,0.0,0.0,1.4936000013676676e-05,0.00015899999999646752
8,12,0,edge,3,1.0,0.23927359444624718,0.049492187861819345,0.9586840720550185,1,0,0,0,0,3.767920445478096,0.09990083109652194,4590.573177291933,4.842909308219407,5,8,0.058710988220158564,0.0015566349137575088,0.0,0.1790059713123311,0.0,0.06026762313391607,0.00016530799999259216,0.0,0.0,0.0,1.2238000010711403e-05,0.00017754600000330356
8,73,3,edge,1,1.0,0.28294039701392965,0.09533132878441311,0.9258436753778222,1,0,0,0,0,3.899914596198176,0.03477132295980833,2911.58735709152,1.7219183743512485,1,8,0.15220277618313957,0.0013570276362468426,0.0,0.12938059319454323,0.0,0.15355980381938641,0.00015180999997710387,0.0,0.0,0.0,1.1602000000721091e-05,0.00016341199997782496
8,82,4,edge,0,1.0,0.26640763015585295,0.02735908047640536,0.906130620335694,1,0,0,0,0,1.637323388811493,0.3178396684316998,2850.8396280574148,7.459974337175657,1,8,0.03487799115007981,0.006770567878317547,0.0,0.2247590711274556,0.0,0.041648559028397356,0.0001491400000190879,0.0,0.0,0.0,1.1849999992818994e-05,0.00016099000001190689
8,175,8,edge,1,1.0,0.4380181590814162,0.08510995942148773,0.9386863012585791,1,0,0,0,0,4.227452156868518,0.875734439636155,2971.225085761591,3.9866956141460004,5,8,0.14630018687216434,0.03030669713458437,0.12938059319454323,0.13203068188012423,0.0,0.30598747720129194,0.00014504000000670203,0.0,0.0,0.0,1.1556000004020461e-05,0.0001565960000107225
8,181,9,edge,2,1.0,0.4262506130092685,0.0771241619695358,0.9429889473876898,1,0,0,0,0,6.984656649829339,0.6594550928693125,1975.1942549586613,6.336207097039664,5,8,0.1966795483966929,0.01856946394875468,0.0,0.2110016006638209,0.0,0.21524901234544758,0.00014481299999147268,0.0,0.0,0.0,1.1916999994809885e-05,0.00015672999998628256
8,216,10,edge,3,1.0,0.36510764071135815,0.05757671853982447,0.9252095062373206,1,0,0,0,0,3.8405040418624607,0.42485758956652503,2384.223334332493,4.200545709744602,5,8,0.08385424588553896,0.009276415906223554,0.1790059713123311,0.0929710076072645,0.0,0.2721366331040936,0.00015367099999252787,0.0,0.0,0.0,1.1981000000105269e-05,0.00016565199999263314
8,234,11,edge,4,1.0,0.5530416343703758,0.09153552783535758,0.9510305168342154,1,0,0,0,0,6.367611943748255,0.15753419902377822,3605.5083956283106,3.7453493733828673,2,8,0.2802335893349132,0.006932956094910435,0.0,0.2658750889405522,0.0,0.28716654542982367,0.00014336700002104408,0.0,0.0,0.0,1.1623000006011353e-05,0.00015499000002705543
8,282,14,edge,0,1.0,0.45772417427316364,0.007878777230701066,0.9718873858342306,1,0,0,0,0,2.782772071643653,0.07983493073946667,2616.345283458702,3.8653795654782934,1,8,0.025949022258922108,0.000744451338975206,0.2247590711274556,0.20627162954781067,0.0,0.25145254472535294,0.00014219299998785573,0.0,0.0,0.0,1.1630999978251566e-05,0.0001538239999661073
8,294,14,partial,2,0.5,0.355909379510695,0.621752668310836,0.8654729075365831,0,0,0,0,1,3.727236871279225,0.2173353502040678,370.75067426102237,7.8277252720032156,4,8,0.10874782928705579,0.006341090834380688,0.2110016006638209,0.0198028587618345,0.355909379510695,0.32609052078525735,0.00014859099999853242,0.0,0.0,0.0,1.4935999985254966e-05,0.0001635269999837874
8,304,15,edge,3,1.0,0.4967771006572882,0.094156866264584,0.8854168844205808,1,0,0,0,0,4.000661188320018,0.46549636594551314,2612.6494181553117,1.7067818036865479,1,8,0.11010997868052264,0.012811830974280743,0.27197697891959555,0.1018783120828893,0.0,0.3948987885743989,0.00014458399999739413,0.0,0.0,0.0,1.168200000734032e-05,0.00015626600000473445
8,319,15,edge,1,1.0,0.6084914222163695,0.0600497842786931,0.9267836909866023,0,1,0,0,0,1.9030500291507897,0.46889028161373963,5841.007735821797,0.5503563215122405,5,8,0.07022409229420093,0.017302432362532538,0.26141127507466744,0.2595536224849686,0.0,0.34893779973140093,0.00014677900000492627,0.0,0.0,0.0,1.1545000006663031e-05,0.0001583240000115893
8,324,16,edge,3,1.0,0.7224591042552674,0.19191671557201723,0.891915087562697,1,0,0,0,0,7.728214379258985,0.35463223139399536,3598.398694960079,7.588268666087692,3,8,0.1991484235449841,0.00913852105473373,0.3738552910024849,0.14031686865306459,0.0,0.5821422356022027,0.0001764360000038323,0.0,0.0,0.0,1.2488000010080214e-05,0.00018892400001391252
8,339,16,edge,4,1.0,0.7365396927459643,0.18965070502495565,0.9427330923688166,1,0,0,0,0,4.852871767749514,0.4342269047405958,3475.0987770730053,7.230187126324761,5,8,0.19679702634209545,0.017609071020294145,0.2658750889405522,0.25625850644302256,0.0,0.48028118630294175,0.00015454999999064967,0.0,0.0,0.0,1.2077999997472944e-05,0.0001666279999881226
8,346,17,edge,2,1.0,0.5819050064647718,0.008747368901776718,0.9385556739884873,1,0,0,0,0,0.4744056268643633,0.30530401521414247,3084.232230689754,6.886266224802987,4,8,0.013157573045612218,0.008467563734119232,0.23080445942565542,0.3294754102593849,0.0,0.25242959620538685,0.00015379800001369404,0.0,0.0,0.0,1.2147000006734743e-05,0.00016594500002042878
9,11,0,edge,3,1.0,0.11634533121405337,0.040712813157076574,0.9586816036981132,1,0,0,0,0,3.0994468316404626,0.5487312257684859,1525.8293439371334,2.3555719371257817,2,9,0.04829629880877874,0.008550457125084968,0.0,0.05949857528018966,0.0,0.05684675593386371,0.00015616400000340036,0.0,0.0,0.0,1.2665999975070008e-05,0.00016882999997847037
9,39,1,edge,3,1.0,0.3912510780106145,0.0751355636140497,0.911670987262474,1,0,0,0,0,5.720222053188308,0.8526994757935178,4184.417137199126,6.017622944852008,2,9,0.14671398825709456,0.02187029449471662,0.05949857528018966,0.16316821997861364,0.0,0.22808285803200085,0.00015178800001081072,0.0,0.0,0.0,1.2348000012707416e-05,0.00016413600002351814
9,62,3,edge,1,1.0,0.313535647859896,0.09201735233123218,0.9260860440817409,0,0,0,0,1,3.77292155266727,0.3858892133756242,3411.5671665085856,2.010055753696191,3,9,0.14691179343055086,0.015025935634002048,0.0,0.15159791879534307,0.0,0.1619377290645529,0.00016220599999883234,0.0,0.0,0.0,1.2578999985635164e-05,0.0001747849999844675
9,66,3,edge,3,1.0,0.5619642386091871,0.06833394691495777,0.9302581405777113,1,0,0,0,0,5.121902822960197,0.21910448474370106,5783.691128654197,2.6685355680751734,5,9,0.10909966912900497,0.004667059805012756,0.22266679525880329,0.22553071441636607,0.0,0.336433524192821,0.00016418699999576347,0.0,0.0,0.0,1.1482000019213956e-05,0.00017566900001497743
9,100,5,edge,0,1.0,0.4331368097048421,0.0811994607934626,0.8795618074981922,1,0,0,0,0,4.629310782893485,0.9545041037372324,3602.6231733753584,5.353359106678897,4,9,0.12361881686310211,0.025488603709864006,0.0,0.284029389131876,0.0,0.1491074205729661,0.00014967999999271342,0.0,0.0,0.0,1.1731000000736458e-05,0.00016141099999344988
9,106,5,edge,1,1.0,0.49919458135851186,0.04400033623668586,0.9137362515807924,1,0,0,0,0,1.5547132688173202,0.8521720616313772,5488.588724621676,0.8320531571002916,3,9,0.06698652249665803,0.036716765800113016,0.15159791879534307,0.24389337426639773,0.0,0.2553012070921141,0.00014603799999690636,0.0,0.0,0.0,1.1494999995420585e-05,0.00015753299999232695
9,113,5,edge,2,1.0,0.28640331065324115,0.04562463641985168,0.951732579742098,1,0,0,0,0,2.980777448872859,0.5950956037264619,1901.0095284043273,0.7543328639264884,2,9,0.0694593722534343,0.013867176525120586,0.0,0.20307676187468623,0.0,0.08332654877855489,0.00014456200000267927,0.0,0.0,0.0,1.186500000471824e-05,0.0001564270000073975
9,118,5,edge,4,1.0,0.1748907291042259,0.04100172909870705,0.9203081043848684,1,0,0,0,0,1.2050976709573382,0.9076403102502896,887.6367151477374,1.1949442602489744,5,9,0.062421415006879755,0.04701377643365482,0.0,0.06545553766369135,0.0,0.10943519144053457,0.0001445050000086212,0.0,0.0,0.0,1.1559000000715969e-05,0.00015606400000933718
9,126,6,edge,4,1.0,0.4337123538058693,0.13202668066188084,0.9594829317026092,1,0,0,0,0,6.458216526712746,0.24550403924124345,1632.5056909967257,2.5843147466115775,3,9,0.23879598570487032,0.009077642225628568,0.06545553766369135,0.12038318821167909,0.0,0.3133291655941902,0.00015320700001097975,0.0,0.0,0.0,1.1677999992798505e-05,0.00016488500000377826
9,133,6,edge,4,1.0,0.6834336175529283,0.08719511249673409,0.9594829317026092,1,0,0,0,0,4.265235736836731,0.6092785828291327,4303.651850901153,3.0193198623936617,3,9,0.1577093564188683,0.022528399156911794,0.18583872587537045,0.31735713610177774,0.0,0.36607648145115057,0.0001492810000058853,0.0,0.0,0.0,1.164900001526803e-05,0.00016093000002115332
9,179,8,edge,0,1.0,0.722660152722677,0.021364461447746445,0.9512129584796181,1,0,0,0,0,2.5766609090605983,0.6101677749740503,4987.463293434683,7.524024697564026,5,9,0.036724546968111095,0.00869657898393465,0.284029389131876,0.39320963763875527,0.0,0.3294505150839217,0.00014574799999422794,0.0,0.0,0.0,1.1567999990802491e-05,0.00015731599998503043
9,261,13,partial,2,0.5,0.4097410186743301,0.7111402183069264,0.8912544580034742,1,0,0,0,0,5.238241647078948,0.7304858567947041,899.9939897005306,1.8556466853224458,2,9,0.10250741009296685,0.014294913891825356,0.20307676187468623,0.04807126487379458,0.4097410186743301,0.31987908585947844,0.00014530299998227747,0.0,0.0,0.0,1.5098000005764334e-05,0.0001604009999880418
9,278,13,partial,2,0.75,0.43229972869190225,0.6687796743577847,0.8912544580034742,1,0,0,0,0,0.22092979143389851,0.8362961275779814,1873.6849173667097,1.0946081548893938,2,9,0.006485079037418149,0.024548280477839583,0.2511480267484808,0.15011834242816374,0.42651705205943724,0.2821813862637385,0.0001448589999881733,0.0,0.0,0.0,1.4526000001069406e-05,0.00015938499998924271
9,367,18,partial,2,0.25,0.4630040608598473,0.4857598704124293,0.9245344446279442,1,0,0,0,0,6.169518392490965,0.13995051331627706,378.767857208882,7.977347363390301,3,9,0.05047711946100069,0.0011450324530829137,0.4012663691766446,0.010115539769119102,0.389509533023964,0.4528885210907282,0.00014469900000335656,0.0,0.0,0.0,1.4397000001054039e-05,0.0001590960000044106
9,384,19,edge,3,1.0,0.705045791936105,0.08383125709835253,0.91045704947279,1,0,0,0,0,4.709067264023106,0.5844892323457535,3324.2914524263074,6.01311244769543,2,9,0.11317299350557744,0.014047027232274703,0.44819750967516936,0.12962826152308352,0.0,0.5754175304130216,0.00015478500000654094,0.0,0.0,0.0,1.1642000004030706e-05,0.00016642700001057165
10,57,2,edge,3,1.0,0.1947296629737302,0.057137565599794125,0.8703051417808696,1,0,0,0,0,2.4826078740597572,0.3070637334938395,2755.2460704493183,7.992940666098619,3,10,0.07768264820159979,0.009608252770690101,0.0,0.10743876200144031,0.0,0.08729090097228989,0.00015052499998091662,0.0,0.0,0.0,1.2222000009387557e-05,0.00016274699999030418
10,79,3,edge,3,1.0,0.46038481124193015,0.07340973725155919,0.9300215388209457,1,0,0,0,0,5.491563161269678,0.5787454661166742,5728.810594681396,5.058959215463649,4,10,0.11720350435720545,0.012351855886518775,0.10743876200144031,0.22339068899676562,0.0,0.23699412224516453,0.00015064900000538728,0.0,0.0,0.0,1.1651999983541828e-05,0.0001623009999889291
10,129,6,edge,1,1.0,0.2253665944187086,0.019167076351321595,0.8423613824166182,1,0,0,0,0,0.4657972295622449,0.4162326009679673,3594.362668278497,2.400638952972568,4,10,0.03466739349538037,0.03097849975819556,0.0,0.15972070116513268,0.0,0.06564589325357593,0.00014451100000201222,0.0,0.0,0.0,1.1572999994768907e-05,0.00015608399999678113
10,191,9,edge,0,1.0,0.421179364126291,0.04425094144068571,0.858524416001936,1,0,0,0,0,3.199974253381294,0.5907764443545869,3646.6223615745794,7.63499020512826,3,10,0.11284732250472133,0.020833773857345732,0.0,0.2874982677642239,0.0,0.13368109636206707,0.0001441160000013042,0.0,0.0,0.0,1.1559999990140568e-05,0.00015567599999144477
10,218,10,edge,1,1.0,0.5495900184320887,0.1433531309701615,0.9470681548974584,1,0,0,0,0,6.813574403990054,0.35699913810909417,3829.1098834824847,7.267181238691315,5,10,0.20877828743434393,0.01093899681000127,0.15972070116513268,0.1701520330226107,0.0,0.3794379854094779,0.0001569160000087777,0.0,0.0,0.0,1.170599998090438e-05,0.00016862199998968208
10,233,11,edge,4,1.0,0.4532538446879478,0.0387156634923926,0.9508003993134777,1,0,0,0,0,2.68623119196995,0.2897734865562424,4365.81232794963,7.897050411682846,3,10,0.11852697636124859,0.012785934171950657,0.0,0.32194093415474856,0.0,0.13131291053319924,0.00014303100002166502,0.0,0.0,0.0,1.1291000021174113e-05,0.00015432200004283914
10,251,12,edge,2,1.0,0.21580424955583263,0.036080798973724515,0.9358136373693071,1,0,0,0,0,3.5369017186078158,0.2132954955681936,905.3579197815563,1.2775651461700686,3,10,0.11231544717896408,0.0067732667944842,0.0,0.09671553558238435,0.0,0.11908871397344828,0.00014711000000033891,0.0,0.0,0.0,1.1583000002701738e-05,0.00015869300000304065
10,263,13,edge,3,1.0,0.618557196425669,0.03813225729881521,0.9280542423369803,1,0,0,0,0,2.521236179602218,0.8069667046941762,5568.738437620731,4.9618415792197945,3,10,0.053466152743803466,0.017112797857418392,0.330829450998206,0.2171487948262412,0.0,0.4014084015994278,0.00014443800000663032,0.0,0.0,0.0,1.1680999989494012e-05,0.00015611899999612433
10,289,14,edge,2,1.0,0.3944218185201202,0.040471101882432345,0.8729866370322275,1,0,0,0,0,2.2886512732927873,0.4727448868470047,1281.3415588359967,4.541539199058777,5,10,0.13329295813798434,0.027533056323510326,0.09671553558238435,0.13688026847624118,0.0,0.257541550043879,0.00014185500000962747,0.0,0.0,0.0,1.1354999998047788e-05,0.00015321000000767526
10,315,15,edge,1,1.0,0.7113700258923078,0.08668668069079473,0.9267448384111094,1,0,0,0,0,2.746240522524041,0.8502836045033246,5597.56745728322,5.149188023407686,1,10,0.10137411047566848,0.0313871794373448,0.3298727341877434,0.24873600179155114,0.0,0.46263402410075666,0.00014563900001007823,0.0,0.0,0.0,1.1480999972945938e-05,0.00015711999998302417
10,323,16,edge,0,1.0,0.6117158008990738,0.06274216164336202,0.8988686576040835,1,0,0,0,0,3.008129439708532,0.6993536033740241,3094.570410048547,2.605870449515264,2,10,0.0651063798368899,0.015136443512210912,0.2874982677642239,0.24397470978574914,0.0,0.3677410911133247,0.00015411300000778283,0.0,0.0,0.0,1.1814000004051195e-05,0.00016592700001183402
10,369,18,edge,3,1.0,0.7926546369500365,0.0016803167998298211,0.9878030477494074,1,0,0,0,0,0.5042187275423413,0.8405578426896717,5944.524109677471,4.693716635737545,3,10,0.0048270990993142405,0.008047015677393922,0.5479782458244472,0.23180227634888112,0.0,0.5608523606011554,0.00017980499998770938,0.0,0.0,0.0,3.0007000020759733e-05,0.0002098120000084691
10,395,19,edge,4,1.0,0.799324481288384,0.07660865084697459,0.9592591294761614,1,0,0,0,0,2.8983424369186013,0.9950750375554823,4589.738917323606,4.141413787757681,1,10,0.10342240644922991,0.035507555515406505,0.32194093415474856,0.338453585168999,0.0,0.460870896119385,0.00015531299999338444,0.0,0.0,0.0,1.2130000015986298e-05,0.00016744300000937073
11,10,0,edge,3,1.0,0.21066444108249424,0.04161999802746499,0.9586830361095653,1,0,0,0,0,3.1685611553042334,0.15104676506175221,4075.9434632012467,6.72914399197388,3,11,0.049372462998318815,0.002353607979616562,0.0,0.15893837010455886,0.0,0.05172607097793538,0.000155126999999311,0.0,0.0,0.0,1.23449999875902e-05,0.0001674719999869012
11,15,0,edge,3,1.0,0.3489123657440246,0.06614152356935311,0.9586830361095653,1,0,0,0,0,5.035402985752051,0.20340051880990442,2778.4364505465564,7.1294184854161,5,11,0.07846155886228953,0.003169383229977969,0.15893837010455886,0.10834305354719827,0.0,0.24056931219682637,0.0001501330000053258,0.0,0.0,0.0,1.209399999879679e-05,0.0001622270000041226
11,20,1,edge,0,1.0,0.6559480174378977,0.11610739819232155,0.8787448135902086,1,0,0,0,0,7.974815087244247,0.9403963595170635,5105.2428809970415,6.328368567898865,4,11,0.2267179300397867,0.02673475356032789,0.0,0.4024953338377831,0.0,0.2534526836001146,0.00016290100001015162,0.0,0.0,0.0,1.2316999999484324e-05,0.00017521800000963594
11,23,1,edge,4,1.0,0.40684122006564427,0.07251256464849372,0.9709179645582455,1,0,0,0,0,4.430485044927217,0.3997682662216967,3423.7639791164215,5.912301638897467,4,11,0.14159217082576844,0.012776040561607097,0.0,0.2524730086782688,0.0,0.15436821138737555,0.0001498480000066138,0.0,0.0,0.0,1.1895000000095024e-05,0.00016174300000670883
11,30,1,edge,3,1.0,0.7098668996757003,0.10465570367172639,0.9116082624566286,1,0,0,0,0,7.9638209435461755,0.8909253205741661,5523.046429348397,2.349316475552291,1,11,0.20435669796001213,0.02286170896258627,0.2672814236517571,0.21536706910134487,0.0,0.49449983057435554,0.00017208299999538212,0.0,0.0,0.0,1.144399999475354e-05,0.00018352699999013566
11,52,2,edge,1,1.0,0.36062577880874835,0.15547184102173942,0.8571865210802188,1,0,0,0,0,3.3678040451495055,0.5671569889314949,2557.671184665122,6.082191914728617,5,11,0.21137519956556128,0.03559676279059628,0.0,0.1136538164525908,0.0,0.24697196235615756,0.00014560200000346413,0.0,0.0,0.0,1.1311999998042666e-05,0.0001569140000015068
11,89,4,edge,1,1.0,0.47612097289931166,0.11291903306106754,0.8674795036836266,1,0,0,0,0,2.484931239483431,0.762575991089275,3923.3426838979817,6.053214956077094,1,11,0.14395180566013444,0.04417594705485197,0.1136538164525908,0.17433940373173443,0.0,0.3017815691675772,0.0001452429999915239,0.0,0.0,0.0,1.1319999998704589e-05,0.0001565629999902285
11,123,6,edge,3,1.0,0.9431484915450619,0.12617664941790752,0.8870289196088269,1,0,0,0,0,7.576759363683219,0.38541636601543705,5659.193890560547,3.5441836645908977,4,11,0.2282150639524973,0.011608897207445951,0.482648492753102,0.22067603763201663,0.0,0.7224724539130453,0.00014606000002004293,0.0,0.0,0.0,1.1506000021199725e-05,0.00015756600004124266
11,166,8,edge,2,1.0,0.3545132639854396,0.05815295290991963,0.8799065841871089,1,0,0,0,0,2.121574464117271,0.7242927059401844,2063.4017247101674,7.208197348552746,3,11,0.09996230682894029,0.034126527694270964,0.0,0.22042442946222832,0.0,0.13408883452321124,0.0001544870000032006,0.0,0.0,0.0,1.1494999995420585e-05,0.00016598199999862118
11,178,8,edge,1,1.0,0.5828734771401091,0.08154183251304066,0.9392684949241186,1,0,0,0,0,4.076840386751203,0.06848250095702216,3428.6947504298064,1.8909086685771896,3,11,0.1401667374258518,0.0023545117834642285,0.2879932201843252,0.15235900774646782,0.0,0.43051446939364124,0.0001447169999835296,0.0,0.0,0.0,1.134099997557314e-05,0.00015605799995910274
11,246,12,edge,2,1.0,0.8189253183050814,0.08024298205863532,0.9359128979319443,1,0,0,0,0,7.875559168368637,0.23346884001293122,3195.003943702844,1.193890116819074,1,11,0.24978732925100972,0.007404878404620177,0.22042442946222832,0.34130868118722313,0.0,0.4776166371178582,0.00015029700000468438,0.0,0.0,0.0,1.1436999983516216e-05,0.0001617339999882006
11,277,13,edge,4,1.0,0.8397391343237172,0.18269835705174833,0.965811318493181,1,0,0,0,0,7.742916491742671,0.7351603237470982,4160.194791937771,2.5279336415942844,1,11,0.256165749318864,0.02432195870935822,0.2524730086782688,0.30677841761722613,0.0,0.5329607167064909,0.00016852900000685622,0.0,0.0,0.0,1.1859000011327225e-05,0.00018038800001818345
11,281,14,edge,0,1.0,0.5610962431537251,0.01751157043377327,0.9717183906600106,1,0,0,0,0,6.133627568997439,0.522674004944411,1217.8043037537238,2.118794046121177,4,11,0.05767495610917672,0.004914742532941863,0.4024953338377831,0.0960112106738234,0.0,0.46508503247990163,0.00014902000000915905,0.0,0.0,0.0,1.1997999990853714e-05,0.00016101800000001276
11,310,15,edge,1,1.0,0.8625847028216604,0.15325025177059978,0.9266490069205404,1,0,0,0,0,4.850777954245531,0.10920581752160961,5378.066415527742,1.2725268958834244,3,11,0.1792156283942998,0.0040346908054859736,0.4403522279307931,0.23898215569108144,0.0,0.6236025471305788,0.0001520289999916713,0.0,0.0,0.0,1.1889999996128608e-05,0.0001639189999877999
11,321,16,edge,0,1.0,0.9506071254222916,0.10068565313063908,0.8986609182379645,1,0,0,0,0,4.820298296670603,0.5643882860727796,4254.053061814774,2.80130260406757,3,11,0.1044796386536718,0.012233077822170866,0.4985065445116064,0.33538786443484253,0.0,0.6152192609874491,0.00016186799999218238,0.0,0.0,0.0,1.2186999981622648e-05,0.00017405499997380502
11,376,18,edge,3,1.0,0.8961626890657055,0.0034399655854225183,0.987690705529663,1,0,0,0,0,1.0267270719492396,0.6592246042533778,4529.157701372564,3.2801813767608157,5,11,0.009882097697735777,0.006344940268902499,0.7033245303851186,0.17661112071394872,0.0,0.7195515683517568,0.00018748200000118231,0.0,0.0,0.0,1.137500001391345e-05,0.00019885700001509576
11,391,19,partial,4,0.75,0.8578134631050395,1.2782519502464635,0.9579444230713908,1,0,0,0,0,5.803378519938129,0.7416050801457369,2234.2485668365634,6.802530769641777,3,11,0.15516618710019858,0.01982845548071849,0.559251426295495,0.12356739422862742,0.5934719669612489,0.7342460688764121,0.00015524700000923985,0.0,0.0,0.0,3.3708000017895756e-05,0.0001889550000271356
12,43,2,edge,3,1.0,0.42063297570357416,0.1304407666396093,0.8707242742784912,1,0,0,0,0,5.682167331594964,0.6508078403968316,5718.2080449700825,3.7511850357143226,2,12,0.17734364563211724,0.020312079579244316,0.0,0.2229772504922126,0.0,0.19765572521136154,0.00015060699999480676,0.0,0.0,0.0,1.1929999999438223e-05,0.00016253699999424498
12,74,3,edge,1,1.0,0.4257632139332921,0.15553563926547853,0.9261480387710448,1,0,0,0,0,6.381036724931102,0.20038587704737235,3817.6343484930944,3.5473420241855975,5,12,0.2483229426620113,0.007798170234923505,0.0,0.16964210103635727,0.0,0.2561211128969348,0.0001453800000206229,0.0,0.0,0.0,1.1520000015252663e-05,0.00015690000003587556
12,80,4,edge,0,1.0,0.4382944139839154,0.06936212386976749,0.9076801505661705,1,0,0,0,0,4.200442471489365,0.03828961738358144,4427.51993750093,5.704408071459002,3,12,0.08842444630282194,0.0008060432297956464,0.0,0.3490639244512978,0.0,0.08923048953261759,0.00015599200000337987,0.0,0.0,0.0,1.1524999990797369e-05,0.00016751699999417724
12,103,5,edge,3,1.0,0.4609224044760165,0.06748585642422546,0.9611274707241337,1,0,0,0,0,6.572292230996369,0.1523859396082339,3406.191411336633,6.002653495949536,2,12,0.10274109759639671,0.0023821671561969878,0.2229772504922126,0.13282188923121022,0.0,0.3281005152448063,0.00016953499999772248,0.0,0.0,0.0,1.6705000007277704e-05,0.00018624000000500018
12,114,5,edge,2,1.0,0.4265187106718892,0.09316424989940483,0.9517716571740759,1,0,0,0,0,6.090409492211326,0.27072139691486813,2605.926070530802,6.162307853509237,5,12,0.1418341234530714,0.006304589548619963,0.0,0.27837999767019783,0.0,0.14813871300169135,0.00014929899998605833,0.0,0.0,0.0,1.1620000009315845e-05,0.00016091899999537418
12,124,6,edge,4,1.0,0.454371870413639,0.12495968556000675,0.9593332863461674,1,0,0,0,0,6.101631283130542,0.4817875933421992,2854.731200227154,3.395892452587436,1,12,0.2260139476133018,0.017846164546756155,0.0,0.21051175825358107,0.0,0.24386011216005796,0.00014940299999466333,0.0,0.0,0.0,1.1727000014616351e-05,0.00016113000000927968
12,173,8,edge,1,1.0,0.646054243501077,0.11782056246371368,0.9394654408063663,1,0,0,0,0,5.903814910907786,0.2718412182554121,5953.637465815357,5.899506102287773,4,12,0.20252824020819532,0.009325414902083213,0.16964210103635727,0.26455848735444126,0.0,0.3814957561466358,0.00014905000000453583,0.0,0.0,0.0,1.1555000014595862e-05,0.0001606050000191317
12,259,12,edge,3,1.0,0.5490019912214075,0.023310489444741556,0.9164030529978288,1,0,0,0,0,2.6621021795684423,0.40328338386668117,2811.884515578416,2.7005556007624576,1,12,0.07256291768520137,0.010992597959583728,0.3557991397234228,0.10964733585319957,0.0,0.4393546553682079,0.00017269499997496496,0.0,0.0,0.0,1.2182000006077942e-05,0.0001848769999810429
12,269,13,partial,4,0.75,0.3398293664183793,0.5278576007207761,0.957250857052178,1,0,0,0,0,2.0462054250204855,0.08176485089122802,1387.4324976683445,2.001400758336427,3,12,0.050563749817829066,0.0020204899341007077,0.21051175825358107,0.07673336841286851,0.3158287785486544,0.26309599800551087,0.00014941000000590066,0.0,0.0,0.0,1.5206000000489439e-05,0.0001646160000063901
12,309,15,edge,0,1.0,0.5772247945478975,0.06100235336470026,0.952945778970133,1,0,0,0,0,5.363452820859034,0.5977711729914598,1888.2894686623767,7.527159649188364,5,12,0.07133805631948227,0.00795081732409044,0.3490639244512978,0.1488719964530271,0.0,0.4283527980948705,0.00015615400002388924,0.0,0.0,0.0,1.2040000001434237e-05,0.00016819400002532348
12,337,16,partial,4,0.75,0.4221986053434077,0.6510688023541954,0.9378930791975228,1,0,0,0,0,2.0061476753370218,0.3449056172515264,917.901687362413,6.241671846120269,4,12,0.06108338646944104,0.010501720971521597,0.2872451266664496,0.05076548838342861,0.4221986053434077,0.3588302341074122,0.00015654300000278454,0.0,0.0,0.0,1.4991000000463828e-05,0.00017153400000324837
12,372,18,edge,3,1.0,0.7244834296866106,0.018357513398187697,0.9875797100866103,1,0,0,0,0,5.450733969827953,0.32722282389530716,5209.353399885507,2.0761781099089394,1,12,0.05273620807636722,0.0031659022479910296,0.4654464755766224,0.20313484378562993,0.0,0.5213485859009807,0.00015163399999096328,0.0,0.0,0.0,1.1737999983552072e-05,0.00016337199997451535
13,93,4,edge,3,1.0,0.1240768065319266,0.050456390537825545,0.855393966040596,1,0,0,0,0,1.9121435211741042,0.2856841047185087,1285.9239422844169,0.9729928595010174,4,13,0.06432297840422405,0.009610184745418773,0.0,0.050143643382283776,0.0,0.07393316314964282,0.00017033599999649596,0.0,0.0,0.0,1.2418000011393815e-05,0.00018275400000788977
13,112,5,edge,3,1.0,0.14888822660742798,0.024829593183831142,0.9611709129785583,1,0,0,0,0,2.4193682648069124,0.07134392187735421,1534.3051725272205,1.4757876220644088,4,13,0.037800804372145155,0.0011146949694500962,0.050143643382283776,0.05982908388354895,0.0,0.08905914272387902,0.00015256300000032752,0.0,0.0,0.0,1.1494999995420585e-05,0.0001640579999957481
13,135,6,edge,0,1.0,0.132897676267719,0.051107070625930465,0.8542438670142194,1,0,0,0,0,2.7995209465194826,0.08906183332624723,475.9010879310033,7.451903370598911,5,13,0.09243709866388479,0.00294072365652417,0.0,0.03751985394731004,0.0,0.09537782232040896,0.00016861800000356197,0.0,0.0,0.0,1.1918000012656194e-05,0.00018053600001621817
13,145,7,edge,1,1.0,0.28377734093177653,0.1279240149644471,0.9181515004457236,1,0,0,0,0,3.339741152307797,0.3251168847757522,3179.379721574611,0.5612613629109787,4,13,0.12985581248013897,0.012641194421428054,0.0,0.1412803340302095,0.0,0.14249700690156702,0.00015404700002363825,0.0,0.0,0.0,1.1897000007365932e-05,0.00016594400003100418
13,155,7,edge,3,1.0,0.37636784502211695,0.025652477017199676,0.9493558188040021,1,0,0,0,0,1.5500720122873013,0.9085189834244417,5772.464294194712,4.197452429275691,4,13,0.02603985847475431,0.015262326887052544,0.10997272726583272,0.2250929323944774,0.0,0.1512749126276396,0.00015046699999743396,0.0,0.0,0.0,1.1578999988159921e-05,0.00016204599998559388
13,182,9,partial,2,0.75,0.23169631775838526,0.45599339743929546,0.9410246467959839,1,0,0,0,0,7.179557454620738,0.10110397390909186,978.2604142697995,6.125091356385317,3,13,0.151189684937766,0.002129083590163872,0.0,0.07837754923045541,0.22248125370087546,0.15331876852792986,0.00015088600000012775,0.0,0.0,0.0,1.5146999999160471e-05,0.00016603299999928822
13,184,9,edge,0,1.0,0.5730910726996323,0.09527865572371536,0.8583914964847082,1,0,0,0,0,6.883347004341968,0.07782016408757518,3676.422233030308,7.87749373931141,1,13,0.24297655236742027,0.0027469885163044394,0.03751985394731004,0.2898476778685976,0.0,0.2832433948310348,0.00018011000000228705,0.0,0.0,0.0,1.1548000003358538e-05,0.0001916580000056456
13,190,9,edge,1,1.0,0.5339608764956368,0.07252787998585404,0.910714908891277,1,0,0,0,0,3.805992693810292,0.8825630695756553,3709.404027044038,0.899667982495443,1,13,0.18495825844333869,0.04288955377675689,0.1412803340302095,0.1648327302453318,0.0,0.3691281462503051,0.0001466090000121767,0.0,0.0,0.0,1.1526000008643678e-05,0.00015813500002082037
13,224,11,edge,4,1.0,0.35813123613280384,0.0722415542500832,0.9508324759553102,1,0,0,0,0,5.0141937247203145,0.45804458111965685,1583.4024182360747,5.944078929979404,1,13,0.22116560121930917,0.02020338876600268,0.0,0.11676224614749199,0.0,0.24136898998531187,0.00014698200001816986,0.0,0.0,0.0,1.136400001655602e-05,0.00015834600003472588
13,238,11,partial,2,0.75,0.20099342391066927,0.2923320020341718,0.9075087977553324,1,0,0,0,0,2.554407638029382,0.4073048834777312,426.750241808228,5.725452337494368,3,13,0.07626443824825156,0.012160501586255208,0.07837754923045541,0.03419093484570709,0.1463951668947765,0.1668024890649622,0.00014333600000782099,0.0,0.0,0.0,1.4450000008991992e-05,0.00015778600001681298
13,239,11,edge,3,1.0,0.6430490255998005,0.04706281825689005,0.9372826026576528,1,0,0,0,0,6.422308582931657,0.24898188164674073,4059.9829449523986,5.5481946855367354,2,13,0.14408156915932052,0.0055857951602081065,0.3350656596603101,0.15831600161996176,0.0,0.48473302397983875,0.00014749900000765592,0.0,0.0,0.0,1.112399999669833e-05,0.00015862300000435425
13,254,12,edge,2,1.0,0.30299376696161634,0.028871152138412848,0.9359607611139531,1,0,0,0,0,2.8352612854668755,0.205794285001068,880.2123944951065,5.391055494200244,2,13,0.08987263184939977,0.006523304962197113,0.1125684840761625,0.09402934607385698,0.0,0.20896442088775938,0.00014368499998340667,0.0,0.0,0.0,2.0966000022326625e-05,0.0001646510000057333
13,307,15,edge,1,1.0,0.773248246348774,0.17262529470843824,0.9265630784102948,1,0,0,0,0,5.4598138394746965,0.9727776579416784,5160.0412292131705,3.7249430040095133,4,13,0.20187340843154866,0.035967882281063235,0.3061130642755413,0.22929389136062078,0.0,0.5439543549881531,0.0001463279999995848,0.0,0.0,0.0,1.1502000006657909e-05,0.0001578300000062427
14,68,3,edge,3,1.0,0.12323866531423021,0.023054594890279407,0.930078856357287,1,0,0,0,0,1.7254651337144657,0.154193264482666,2132.139260288951,6.261913650425546,2,14,0.036808186677157434,0.0032893011585926873,0.0,0.08314117747848009,0.0,0.04009748783575012,0.0001566739999816491,0.0,0.0,0.0,1.2112000007391543e-05,0.00016878599998904065
14,91,4,edge,3,1.0,0.4583768005111615,0.15193565074210316,0.855637728122153,1,0,0,0,0,5.766083089396454,0.22064387546022418,4465.6011172715525,2.590125226803545,5,14,0.19369109596116588,0.007411747869814888,0.08314117747848009,0.1741327792017006,0.0,0.28424402130946086,0.00015602800002056938,0.0,0.0,0.0,1.0854999999310166e-05,0.00016688300001987955
14,95,4,edge,0,1.0,0.1693096718246112,0.06868956431294404,0.9074526820771854,1,0,0,0,0,4.152460185789163,0.09360636796229381,1011.7839795170928,7.135845934253639,5,14,0.08756705176096152,0.0019739704420433856,0.0,0.0797686496216063,0.0,0.0895410222030049,0.00013343399999143912,0.0,0.0,0.0,1.0530999986713141e-05,0.00014396499997815226
14,192,9,edge,1,1.0,0.4319583173995087,0.06430960983824112,0.9109935792038327,1,0,0,0,0,3.383144869669484,0.621243632757157,5352.426539980189,5.79607961565519,4,14,0.16400029118694245,0.03011521545636952,0.0,0.2378428107561967,0.0,0.19411550664331198,0.00013386099999479484,0.0,0.0,0.0,1.0480999975470695e-05,0.00014434199997026553
14,244,12,edge,2,1.0,0.3764862275484288,0.04314025375348774,0.9359297269808654,1,0,0,0,0,4.234933006407145,0.35108694214185016,2162.98461069165,1.6660096354924554,2,14,0.13429073162336327,0.011133050334517076,0.0,0.23106244559054848,0.0,0.14542378195788036,0.00014505600000802588,0.0,0.0,0.0,2.957800001013311e-05,0.00017463400001815899
14,255,12,edge,4,1.0,0.2166432835737911,0.008004913203372396,0.8756058204425816,1,0,0,0,0,0.291072299355755,0.7208777070491265,1763.0719431474924,6.354184928082283,4,14,0.024918389604407246,0.061713572885982435,0.0,0.13001132108340138,0.0,0.08663196249038968,0.00014257599997336,0.0,0.0,0.0,1.1416999996072263e-05,0.00015399299996943228
14,283,14,edge,0,1.0,0.3065066474489925,0.009245168622314993,0.9714538726302158,1,0,0,0,0,3.1975625822288634,0.3457301493872414,2447.9631744970125,5.1427322973417,4,14,0.030449279036995062,0.003292268257297433,0.0797686496216063,0.1929964505330937,0.0,0.11351019691589881,0.0001483739999912359,0.0,0.0,0.0,1.1551000000054046e-05,0.00015992499999128995
14,303,15,edge,3,1.0,0.5688811865590109,0.0964152457096547,0.8852490128682394,1,0,0,0,0,4.0923639766853075,0.4897332687619868,4753.606087976072,3.973322354928757,1,14,0.11275099810283959,0.01349291391764353,0.25727395668018066,0.18536331785834714,0.0,0.3835178687006638,0.00014487900000403897,0.0,0.0,0.0,1.1210999986133174e-05,0.00015608999999017215
14,338,16,edge,4,1.0,0.5042427730159365,0.18163793917514623,0.9423423862262459,1,0,0,0,0,4.632071429630748,0.29891448406071197,2353.985345854448,6.150380368219117,3,14,0.18848232752876654,0.012163045959831973,0.13001132108340138,0.1735860784439366,0.0,0.33065669457199987,0.00014657399998441178,0.0,0.0,0.0,1.1074000013877594e-05,0.00015764799999828938
14,340,17,partial,1,0.5,0.33905013987804405,0.6701756188907685,0.9307686596076097,1,0,0,0,0,4.248683319662948,0.6934815854416709,794.7000870167013,7.715056898309076,1,14,0.0718267492106863,0.011723756319804868,0.2378428107561967,0.01765682359135619,0.3355102104286654,0.3213933162866879,0.0001645460000077037,0.0,0.0,0.0,1.5230000002475208e-05,0.0001797760000101789
14,388,19,partial,0,0.75,0.44037698612200027,0.670024696164613,0.8899591087452545,1,0,0,0,0,5.128327987741264,0.3867095482971165,1155.4942060400135,5.199714480887391,2,14,0.09232587908365616,0.0069619765120171526,0.27276510015469996,0.06832403037162701,0.30692798887719136,0.3720529557503733,0.00016269899998633264,0.0,0.0,0.0,1.534099999389582e-05,0.00017803999998022846
15,46,2,edge,3,1.0,0.3562089328249741,0.17555696258562714,0.8713129431095277,1,0,0,0,0,7.67513022616327,0.47929640448846034,2631.7038808038596,5.903334881507891,3,15,0.23868237333390743,0.01490523287328006,0.0,0.10262132661778667,0.0,0.2535876062071875,0.00016126300002383687,0.0,0.0,0.0,1.2757999996892977e-05,0.00017402100002072984
15,65,3,edge,0,1.0,0.22100014837681145,0.04226929515391253,0.9100392091695024,1,0,0,0,0,3.137655570726532,0.644420249980137,1771.368816442584,4.074027669309713,1,15,0.06748572742837826,0.013860402571024354,0.0,0.13965401837740885,0.0,0.0813461299994026,0.00015931999999452273,0.0,0.0,0.0,1.1403999991443925e-05,0.00017072399998596666
15,148,7,edge,1,1.0,0.22052079913549333,0.021470949530177003,0.9175664601983758,1,0,0,0,0,0.5579040221271989,0.9906170136788294,3601.2326854584585,0.9086972989538038,4,15,0.02179518518658185,0.038699633639110456,0.0,0.16002598030980103,0.0,0.060494818825692305,0.00014547799997899347,0.0,0.0,0.0,1.1075999992726793e-05,0.00015655399997172026
15,194,9,edge,3,1.0,0.4659242052984559,0.06116567251615877,0.9293628197064021,1,0,0,0,0,6.6771191894536495,0.3113530338840453,5130.1586765418215,5.070536207932962,3,15,0.1559827237099835,0.007273450253412957,0.10262132661778667,0.20004670471727273,0.0,0.2658775005811831,0.00014322500001640037,0.0,0.0,0.0,1.1486999994758662e-05,0.00015471200001115903
15,209,10,edge,4,1.0,0.27356718403194435,0.023532762126848412,0.8882055650159353,0,0,0,1,0,0.5327605185932038,0.11001789816801993,3149.070358762917,0.8769571352382226,1,15,0.03427291571654513,0.007077540507657454,0.0,0.23221672780774175,0.0,0.04135045622420258,0.00018451799999752438,0.0,0.0,0.0,1.2615999992249272e-05,0.00019713399998977366
15,214,10,edge,2,1.0,0.1685661879764301,0.006012817469991421,0.9425895122689296,1,0,0,0,0,0.33272516669002866,0.7791860060755231,1304.0088753353743,3.9496525024528175,3,15,0.008757016505634674,0.020507449989557412,0.0,0.139301721481238,0.0,0.029264466495192085,0.00015148599999292856,0.0,0.0,0.0,1.1733000008007366e-05,0.00016321900000093592
15,227,11,edge,0,1.0,0.4797233606395392,0.052433101984973106,0.8921903265416199,0,0,0,0,1,5.638147352506536,0.39189232897452264,2135.8466247122733,4.162127966026111,2,15,0.16052255027841644,0.011157487051765662,0.13965401837740885,0.1683893049319482,0.0,0.311334055707591,0.00015776800000821822,0.0,0.0,0.0,1.2284999996836632e-05,0.00017005300000505486
15,247,12,edge,1,1.0,0.6259508371134717,0.08260890462965023,0.947109582900564,1,0,0,0,0,7.612742208194516,0.10420189519285553,4619.019837034345,6.990756175001408,4,15,0.25715217867543233,0.00351985442802836,0.16002598030980103,0.20525282370020992,0.0,0.42069801341326174,0.00014953799998806971,0.0,0.0,0.0,1.1760000006688642e-05,0.00016129799999475836
15,306,15,edge,3,1.0,0.49544729667157456,0.10150721327429438,0.8851564474113427,1,0,0,0,0,4.3060269416110275,0.3262906327097797,1668.9279103170463,3.300372667405236,5,15,0.11870570392757325,0.00899496444541439,0.3026680313350594,0.06507859696352757,0.0,0.43036869970804703,0.00014919099999133323,0.0,0.0,0.0,1.193400001398004e-05,0.00016112500000531327
15,326,16,edge,3,1.0,0.8173228275434278,0.19477734772948233,0.8911292943629632,1,0,0,0,0,7.805413505583492,0.7167199640221241,5870.103112481383,2.587650010464239,5,15,0.20211684858708254,0.018559065492683317,0.36774662829858695,0.22890028516507502,0.0,0.5884225423783528,0.00016476300001500022,0.0,0.0,0.0,1.2062999985573697e-05,0.0001768260000005739
15,331,16,edge,4,1.0,0.6844634350754134,0.12570480762481617,0.9421107491534931,1,0,0,0,0,3.1992540811054595,0.7549170136222104,3946.5682942056264,2.9843799958676676,1,15,0.13044155219045314,0.03077984571886104,0.23221672780774175,0.29102530935835746,0.0,0.39343812571705594,0.000149778999997352,0.0,0.0,0.0,1.2351000009402924e-05,0.00016213000000675493
15,352,17,edge,1,1.0,0.7120646075909747,0.05000399913474719,0.9391982478402859,1,0,0,0,0,2.2262188048883353,0.8045729936641001,5499.716084176196,7.025675920730579,4,15,0.07521476212744736,0.027183206879635043,0.36527880401001095,0.2443878345738813,0.0,0.4676767730170934,0.0001642000000003918,0.0,0.0,0.0,1.141000001325665e-05,0.00017561000001364846
15,382,19,edge,0,1.0,0.8502659105016279,0.05011725767280905,0.8911643163681783,1,0,0,0,0,2.816786721007266,0.5138203328799162,5862.813844747976,5.267613845016902,1,15,0.06765877398769958,0.012341883577246934,0.308043323309357,0.46222192962732433,0.0,0.38804398087430353,0.00014441299998679824,0.0,0.0,0.0,1.1115999996036408e-05,0.00015552899998283465
15,387,19,edge,2,1.0,0.617639415737628,0.11687689856725293,0.885394832053813,1,0,0,0,0,3.6649853079826835,0.12071574083210712,2952.0572336759433,6.972401496411091,4,15,0.1577849234323804,0.005197053282257548,0.139301721481238,0.3153557175417522,0.0,0.30228369819587597,0.0001656069999853571,0.0,0.0,0.0,1.2018000006719376e-05,0.00017762499999207648
16,0,0,edge,3,1.0,0.16686606830035675,0.0720787879806149,0.9586830950938389,1,0,0,0,0,5.487414926825013,0.04065384735501326,2070.250123203211,7.537559651484605,5,16,0.08550474438245263,0.0006334671011045463,0.0,0.08072785681679959,0.0,0.08613821148355717,0.00016649500000198714,0.0,0.0,0.0,1.2680999986969255e-05,0.0001791759999889564
16,55,2,edge,1,1.0,0.28558049535340607,0.021504342393858972,0.8580134970693487,1,0,0,0,0,0.4682396619565389,0.4020024358042004,5203.902011317621,4.846545181387695,3,16,0.02923670701495399,0.02510087972000153,0.0,0.23124290861845057,0.0,0.05433758673495552,0.00015298599998914142,0.0,0.0,0.0,1.224100000740691e-05,0.00016522699999654833
16,101,5,edge,3,1.0,0.30791651384645435,0.04774500338678159,0.9612159442271107,1,0,0,0,0,4.654758284237759,0.7571996233686857,3658.923675505234,6.520837806406167,5,16,0.0726874387110946,0.0118242232689185,0.08072785681679959,0.14267699504964168,0.0,0.1652395187968127,0.00015689099998894562,0.0,0.0,0.0,1.2335000008079078e-05,0.0001692259999970247
16,104,5,edge,0,1.0,0.33900000056586255,0.040483609650932534,0.8794560051171365,1,0,0,0,0,2.306360681451581,0.3848348024567081,3387.6815573715244,5.649952799096949,1,16,0.061632625124511405,0.010283898483628233,0.0,0.26708347695772294,0.0,0.07191652360813963,0.0001500950000092871,0.0,0.0,0.0,1.183199998422424e-05,0.00016192699999351134
16,170,8,edge,3,1.0,0.5094959029226863,0.05230242466763326,0.8690065846431239,1,0,0,0,0,2.6829080759082315,0.1264766675177025,4922.449642353958,6.5335353619798004,3,16,0.08990551228967192,0.004238292652654602,0.2234048518664413,0.19194724611391842,0.0,0.3175486568087678,0.00015114199999288758,0.0,0.0,0.0,1.1792999998760934e-05,0.0001629349999916485
16,188,9,edge,4,1.0,0.21746815877959486,0.009959199183297887,0.8687454910803655,1,0,0,0,0,0.2992034543639057,0.20956971042160877,2363.4143440652224,6.635051300297461,2,16,0.025397628288492263,0.017789144905196886,0.0,0.1742813855859057,0.0,0.043186773193689146,0.00015022899998484718,0.0,0.0,0.0,1.1912999980268069e-05,0.00016214199996511525
16,205,10,edge,2,1.0,0.4241962101384605,0.10585143535208216,0.942820138262875,1,0,0,0,0,5.874220504580651,0.15417505150827135,2489.9330346097368,7.968019681043591,2,16,0.15416113513331509,0.004046119979871129,0.0,0.26598895502527425,0.0,0.1582072551131862,0.00016367800000693933,0.0,0.0,0.0,1.2113999986240742e-05,0.00017579199999318007
16,271,13,edge,4,1.0,0.6125136125937287,0.15246039761729135,0.9662705744027518,1,0,0,0,0,6.5008634962847305,0.5432857933239821,2801.6698015207044,2.504879557443664,4,16,0.21376838099328518,0.017864907411437442,0.1742813855859057,0.2065989386031004,0.0,0.4059146739906283,0.0001452109999888762,0.0,0.0,0.0,1.1497999992116092e-05,0.0001567089999809923
16,361,18,edge,1,1.0,0.6451316873184835,0.045070994177800604,0.8798930106421392,1,0,0,0,0,2.0063221624083845,0.5027351453356275,5670.304619557527,5.966390361179096,3,16,0.1294768673519737,0.03244372860221973,0.23124290861845057,0.2519681827458394,0.0,0.393163504572644,0.00015618400001926602,0.0,0.0,0.0,1.2215999987574833e-05,0.00016840000000684086
16,364,18,edge,3,1.0,0.7066302469578785,0.024334292366505472,0.9875827687291533,1,0,0,0,0,7.22639368066199,0.39460661423462323,5579.15439818984,4.958891252099284,3,16,0.06990588963742103,0.003817301913498149,0.41535209798035966,0.21755495742659958,0.0,0.4890752895312788,0.000149773000003961,0.0,0.0,0.0,1.1895000000095024e-05,0.000161668000004056
16,392,19,edge,0,1.0,0.7986214954027508,0.1408141675257703,0.891065147399209,1,0,0,0,0,7.9087855380013306,0.8979815720241067,4057.0105894558637,6.735979447704102,4,16,0.19010046393781782,0.021584440825858305,0.26708347695772294,0.31985311368135183,0.0,0.47876838172139907,0.0001522389999877305,0.0,0.0,0.0,1.200200000539553e-05,0.00016424099999312602
17,1,0,edge,3,1.0,0.2595669028774532,0.08578044488192528,0.9586810266383758,1,0,0,0,0,6.530381741424656,0.6648655599794913,3781.2794779970995,1.9343951006367304,4,17,0.10175857860726914,0.010360156117562497,0.0,0.14744816815262154,0.0,0.11211873472483164,0.00017244500000401786,0.0,0.0,0.0,1.3013999989652802e-05,0.00018545899999367066
17,40,2,edge,0,1.0,0.15517581418063958,0.02785592102495207,0.8849185265997837,1,0,0,0,0,1.5075976386101848,0.7613944795726727,1245.2725858813692,7.395918886399769,5,17,0.03787213701874438,0.01912687796610948,0.0,0.09817679919578572,0.0,0.056999014984853866,0.00015231699998707882,0.0,0.0,0.0,1.1895000000095024e-05,0.00016421199998717384
17,94,4,edge,1,1.0,0.399393986132762,0.08554951829221996,0.8666110386700582,0,0,0,1,0,1.8722898225630744,0.7439951008627943,5558.40824797666,2.547385247926928,1,17,0.10906051263173416,0.0433375677834523,0.0,0.24699590571757551,0.0,0.15239808041518646,0.00016137599999410668,0.0,0.0,0.0,1.209399999879679e-05,0.00017346999999290347
17,169,8,edge,2,1.0,0.16388405382371435,0.03983752425833013,0.8804355318991214,1,0,0,0,0,1.458903468420914,0.22909700297647567,792.4273917709675,4.039710216353578,3,17,0.06847890990824067,0.010753496284476393,0.0,0.08465164763099729,0.0,0.07923240619271706,0.00015186999999627915,0.0,0.0,0.0,1.2026000007381299e-05,0.00016389600000366045
17,223,11,edge,4,1.0,0.20678762588409633,0.03917856012410581,0.9504345434918824,1,0,0,0,0,2.7071666041018254,0.6650095454543995,778.1181921624407,5.468822214768675,4,17,0.11994412211507387,0.02946401082475531,0.0,0.05737949294426714,0.0,0.14940813293982919,0.0001511520000008204,0.0,0.0,0.0,1.185400000736081e-05,0.00016300600000818122
17,291,14,edge,0,1.0,0.2151136855892379,0.01690951484149771,0.9717439982274352,1,0,0,0,0,5.930164277605825,0.7275281628032999,690.1654512830348,7.596127511055149,4,17,0.055692065426065356,0.0068324491776987645,0.09817679919578572,0.05441237178968808,0.0,0.16070131379954983,0.00015300799998385628,0.0,0.0,0.0,1.1744999994789396e-05,0.00016475299997864568
17,302,15,edge,0,1.0,0.3805257395857105,0.06714334534858897,0.952960311990838,1,0,0,0,0,5.904599321681274,0.8419201555304929,1753.1945601922632,1.1961954138451687,2,17,0.0785195240472117,0.011195877365508592,0.15258917098547378,0.13822116718751645,0.0,0.24230457239819408,0.00015407600000116872,0.0,0.0,0.0,1.1789000012640827e-05,0.00016586500001380955
17,350,17,edge,3,1.0,0.35733516595713233,0.016336485057746805,0.933304932756726,1,0,0,0,0,1.1954418965544418,0.18286687397162513,4655.946175669325,2.7916376454788963,4,17,0.024572931343068993,0.0037589239192452476,0.14744816815262154,0.18155514254219654,0.0,0.1757800234149358,0.00015532700001585908,0.0,0.0,0.0,1.185300001793621e-05,0.0001671800000337953
17,389,19,edge,4,1.0,0.48492055127803657,0.0763994278411215,0.9594236805862905,1,0,0,0,0,2.8958844190714483,0.2733491859655443,4267.150646444985,2.884336277125954,2,17,0.10313995340364514,0.009735617249686572,0.05737949294426714,0.3146654876804377,0.0,0.17025506359759884,0.00016406399998913912,0.0,0.0,0.0,1.1735999976281164e-05,0.00017579999996542028
18,5,0,edge,3,1.0,0.2529180872379423,0.09305978954406156,0.9586796444492658,1,0,0,0,0,7.0844416152349625,0.21333691843511157,3569.754723141582,5.290624745165772,2,18,0.11039383069801087,0.003324338167275582,0.0,0.13919991837265586,0.0,0.11371816886528645,0.0001502349999782382,0.0,0.0,0.0,1.2414999986276598e-05,0.0001626499999645148
18,33,1,edge,0,1.0,0.23020709553991697,0.03290099819101294,0.8795961050427712,1,0,0,0,0,2.273746046019592,0.536398456049056,1912.831346815363,4.371208906332079,4,18,0.06424436618374348,0.015155860915574408,0.0,0.15080686844059907,0.0,0.07940022709931788,0.00014651200001480902,0.0,0.0,0.0,1.1588000006668153e-05,0.00015810000002147717
18,102,5,edge,1,1.0,0.23842543356106594,0.0494356920844521,0.9136507155470592,1,0,0,0,0,1.7455236404740422,0.5910717291500984,3098.33432853175,1.7445164934874444,3,18,0.07526135896188862,0.02548510976781085,0.0,0.13767896483136646,0.0,0.10074646872969947,0.00016006299998139184,0.0,0.0,0.0,1.2167999983603295e-05,0.00017223099996499514
18,225,11,partial,4,0.75,0.2745739824178228,0.5668958211493895,0.9429850102971087,1,0,0,0,0,6.013963451583999,0.3768964904773404,800.3987828045908,4.568431966241276,4,18,0.20000541545625813,0.012534385978363677,0.0,0.04426687048297578,0.2745739824178228,0.2125398014346218,0.00014561700001536337,0.0,0.0,0.0,1.5120000000479195e-05,0.00016073700001584257
18,365,18,edge,3,1.0,0.3708839063584578,0.02224521354849035,0.9875007017122153,1,0,0,0,0,6.581002309858299,0.6329227095420248,4145.059376060411,1.682010860230299,5,18,0.0639045269885095,0.006145967509079901,0.13919991837265586,0.16163349348821257,0.0,0.20925041287024526,0.00014992399999869122,0.0,0.0,0.0,1.1513000004015339e-05,0.00016143700000270655
19,51,2,edge,3,1.0,0.332007685238465,0.08739899556740574,0.8718404264882396,1,0,0,0,0,3.8333661587911636,0.6279777250646426,4967.824852097936,5.585687270097224,4,19,0.11882524840821049,0.01946581831336458,0.0,0.19371661851688993,0.0,0.13829106672157507,0.00014904600001841573,0.0,0.0,0.0,1.2255000001459848e-05,0.00016130100001987557
19,64,3,edge,1,1.0,0.33203776579135097,0.08930453498667104,0.9263992630550947,1,0,0,0,0,3.6725098713364788,0.08120483460368512,4192.605556039629,2.346227447233793,2,19,0.14258060098432235,0.003152676106058344,0.0,0.18630448870097024,0.0,0.1457332770903807,0.00014593899999226778,0.0,0.0,0.0,1.1368000002676126e-05,0.0001573069999949439
19,78,3,edge,3,1.0,0.5877391435984975,0.08940210263840065,0.9299038853628399,1,0,0,0,0,6.681388258342957,0.9167928517345856,5941.91273284264,5.089437632313111,4,19,0.14273637419810498,0.019585703223268445,0.19371661851688993,0.2317004476602342,0.0,0.3560386959382633,0.00015565600000400082,0.0,0.0,0.0,1.1416000006647664e-05,0.00016707200001064848
19,128,6,edge,4,1.0,0.40466800184297125,0.02122357304270726,0.9588233807124608,1,0,0,0,0,1.0300771706721832,0.7031905734287811,4611.73839240854,2.7227345220266272,3,19,0.03838696859986932,0.02620517688429115,0.0,0.34007585635881077,0.0,0.06459214548416048,0.0001509060000159934,0.0,0.0,0.0,1.2304999984280585e-05,0.000163211000000274
19,141,7,edge,0,1.0,0.5153813008436847,0.04967611458653024,0.8918969663231293,1,0,0,0,0,2.230387321274271,0.5919686855484982,5727.722049010721,6.628489565587781,5,19,0.05042628018111507,0.01338367489412581,0.0,0.45157134576844377,0.0,0.06380995507524088,0.00015686300000083975,0.0,0.0,0.0,1.2174999994840618e-05,0.00016903799999568037
19,154,7,edge,2,1.0,0.4666767296454127,0.11569873650850292,0.9376779673854039,1,0,0,0,0,4.4125323598263355,0.3938480275952832,3171.0330949695744,2.718776118820937,5,19,0.11744591847287394,0.010482833794215695,0.0,0.338747977378323,0.0,0.12792875226708963,0.00015567299999474926,0.0,0.0,0.0,1.1953999973002283e-05,0.00016762699996775154
19,222,11,edge,1,1.0,0.5002201337395442,0.031328920432121085,0.9025666958417131,1,0,0,0,0,1.7687694775150387,0.07993622771196737,4808.404238474719,6.5670972000061125,2,19,0.0959126585086447,0.004334593178178585,0.18630448870097024,0.21366839335175067,0.0,0.2865517403877935,0.00015064299998357455,0.0,0.0,0.0,1.1654999980237335e-05,0.0001622979999638119
19,230,11,edge,3,1.0,0.6200262667260522,0.030007426001870768,0.9371745119139533,1,0,0,0,0,4.090534095019382,0.2355685860764318,2499.1314467190805,1.0532807360869338,5,19,0.0918669383797212,0.005290498570255548,0.42541706617712416,0.09745176359895132,0.0,0.5225745031271009,0.00015003600000795814,0.0,0.0,0.0,2.1208000021033513e-05,0.00017124400002899165
19,250,12,edge,1,1.0,0.9196942746851009,0.08238601176140445,0.9465257868532834,1,0,0,0,0,7.530183519032218,0.15581068185731997,5805.067143358356,6.899835348998611,3,19,0.2564583383813674,0.0053065039477725355,0.3999728820527209,0.25795655030324005,0.0,0.6617377243818608,0.00015290199999640208,0.0,0.0,0.0,1.1951999994153084e-05,0.00016485399999055517
19,296,14,edge,0,1.0,0.6625630309260107,0.004683336524599399,0.9718877224743854,1,0,0,0,0,1.654175191562413,0.4296370176342146,2429.7522577325044,1.754127443068138,5,19,0.015424729011158876,0.004006247103676385,0.45157134576844377,0.19156070904273167,0.0,0.471002321883279,0.00014979200000198034,0.0,0.0,0.0,1.1971999981597037e-05,0.00016176399998357738
19,342,17,edge,3,1.0,0.7291797278824589,0.01224634029248259,0.9329548066721192,0,0,0,1,0,0.8935034085593474,0.5370465190289183,4534.473483786393,7.3761360009383266,4,19,0.018420638108338553,0.011071854320427668,0.5228688297760754,0.17681840567761722,0.0,0.5523613222048416,0.00015535899999008507,0.0,0.0,0.0,1.1921000009351701e-05,0.00016727999999943677
19,347,17,partial,2,0.75,0.6437314934691953,0.8853320998850066,0.9305584508002435,1,0,0,0,0,6.619980354087961,0.2596535543530494,2027.9603952523298,4.653635684069692,1,19,0.13712626542441386,0.005378463425593366,0.338747977378323,0.1624787872408651,0.42808691610084687,0.4812527062283303,0.00015091700001335084,0.0,0.0,0.0,1.5679999989970383e-05,0.00016659700000332123
19,348,17,partial,4,0.5,0.7286578355612273,1.4833808929751702,0.9012771235508539,1,0,0,0,0,7.064545951699728,0.8818777285434481,1725.9219759245645,6.092016252904414,4,19,0.19795905282352488,0.024711521595612206,0.34007585635881077,0.06363591600698948,0.7286578355612273,0.5627464307779478,0.0001500260000000253,0.0,0.0,0.0,1.4621000019587882e-05,0.0001646470000196132
20,32,1,edge,3,1.0,0.18205945554507727,0.020752235655995578,0.9112789512443721,1,0,0,0,0,1.5751740966713916,0.8632661668484685,3060.1837812134086,1.87777640765187,1,20,0.04052199932886205,0.0222078760103942,0.0,0.11932958020582102,0.0,0.06272987533925625,0.0001710580000064965,0.0,0.0,0.0,1.3413999994327241e-05,0.00018447200000082375
20,59,2,edge,3,1.0,0.43389436556787253,0.07175122949188417,0.8715625679537746,1,0,0,0,0,3.1416822164953557,0.28156311920109417,5341.072044802976,4.203750041856192,5,20,0.09755097999258079,0.008742691435696701,0.11932958020582102,0.208271113933774,0.0,0.22562325163409852,0.00015137400001208334,0.0,0.0,0.0,1.19900000186135e-05,0.00016336400003069684
20,75,3,edge,1,1.0,0.5099123612466575,0.16014234601592642,0.926170060476325,1,0,0,0,0,6.5713942572638935,0.1776966551034434,5565.718283195848,7.201181429459076,3,20,0.2556778548972682,0.006913768649483667,0.0,0.2473207376999057,0.0,0.26259162354675186,0.00015707500000416985,0.0,0.0,0.0,1.2164999986907787e-05,0.00016923999999107764
20,84,4,edge,0,1.0,0.22781848989119008,0.10558680221488222,0.9065341704534498,1,0,0,0,0,6.338345424112236,0.26056633419477576,1112.1371728462905,6.496186987133441,1,20,0.13460450750133338,0.00553352661284283,0.0,0.08768045577701386,0.0,0.14013803411417622,0.00015622700001927114,0.0,0.0,0.0,1.1958000015965808e-05,0.00016818500003523695
20,117,5,edge,2,1.0,0.2573872699854003,0.08791458407379742,0.9518731270895289,1,0,0,0,0,5.756428867546452,0.4859552147721736,1050.7429964269797,7.794935354748016,1,20,0.13384198321042956,0.01129888185768207,0.0,0.11224640491728866,0.0,0.14514086506811164,0.0001502350000066599,0.0,0.0,0.0,1.1583000002701738e-05,0.00016181800000936164
20,120,6,edge,4,1.0,0.44913065033344024,0.09535933010915175,0.9589475013974119,1,0,0,0,0,4.635015458342385,0.46961490806790845,3514.7119285476797,6.029026558097541,5,20,0.17247593528378122,0.017475080983049496,0.0,0.25917963406660954,0.0,0.18995101626683072,0.0001610680000112552,0.0,0.0,0.0,1.2080999994168451e-05,0.00017314900000542366
20,125,6,edge,0,1.0,0.4956091837727144,0.023661432422847125,0.8535967353220131,1,0,0,0,0,1.2905776420015993,0.07981640450370209,4597.760924707052,4.733749621856919,3,20,0.04279631245954907,0.0026467588429940903,0.08768045577701386,0.36248565669315735,0.0,0.13312352707955702,0.00016033600002174353,0.0,0.0,0.0,1.1322999995400096e-05,0.00017165900001714363
20,151,7,edge,3,1.0,0.6040382431193851,0.07798928806420617,0.9489205078039765,1,0,0,0,0,4.693255382500611,0.2258557976678851,4961.262944051383,0.6051573654657458,3,20,0.07916701464646582,0.0038097925181382036,0.32760069413959503,0.1934607418151861,0.0,0.41057750130419907,0.00015210999998771513,0.0,0.0,0.0,1.1570999987497999e-05,0.00016368099997521313
20,221,11,edge,2,1.0,0.4425787421110682,0.03563319252213691,0.914767566173822,1,0,0,0,0,2.7446621442023753,0.7138866976915416,1805.4442802292456,4.3149292645743085,2,20,0.10909007328718602,0.02837433100260489,0.11224640491728866,0.1928679329039886,0.0,0.24971080920707955,0.0001445380000006935,0.0,0.0,0.0,1.1606000015262907e-05,0.0001561440000159564
20,228,11,edge,1,1.0,0.7723056883229973,0.09957543662519487,0.9024685130323359,1,0,0,0,0,5.616969301470125,0.6451257797677561,4166.056369223388,3.3805761917511767,1,20,0.3048475567351332,0.03501265668259484,0.2473207376999057,0.18512473720536365,0.0,0.5871809511176338,0.00014382800000589668,0.0,0.0,0.0,1.1343000011265758e-05,0.00015517100001716244
20,243,12,edge,1,1.0,0.8856838178235221,0.06606782708959082,0.9463697893683352,1,0,0,0,0,6.025559370495311,0.7034850522019459,5031.132230277027,2.7338257902048784,4,20,0.20566167476262734,0.024011034513204636,0.4324454749052694,0.22356563364242077,0.0,0.6621181841811014,0.0001453120000007857,0.0,0.0,0.0,1.1133000015206562e-05,0.00015644500001599226
20,245,12,edge,3,1.0,0.8170671869256816,0.02675447264050632,0.917179862301239,1,0,0,0,0,3.075996485165617,0.43308599402532816,5154.507089600893,5.611340549397372,2,20,0.08328364792709124,0.011725950150628262,0.5210614359547812,0.20099615289318093,0.0,0.6160710340325006,0.00015329300001099,0.0,0.0,0.0,1.1439999980211724e-05,0.00016473299999120172
20,258,12,edge,4,1.0,0.8585704407407346,0.05853581158425404,0.8760288473957764,1,0,0,0,0,2.135291753309368,0.9605334129339292,4545.728775506561,6.897269269245038,1,20,0.1822153622168089,0.08196722695521298,0.25917963406660954,0.3352082175021033,0.0,0.5233622232386315,0.00014245399998458197,0.0,0.0,0.0,1.1209000007283976e-05,0.00015366299999186595
20,260,13,partial,2,0.75,0.6416481745223616,0.795954334793858,0.8905594886940679,1,0,0,0,0,6.2152570961088145,0.09418935808927431,1876.4764782391803,4.092695177093192,3,20,0.18341230731817906,0.0027795290242760284,0.3051143378212773,0.1503420003586292,0.4271525101895288,0.49130617416373235,0.0001502000000073167,0.0,0.0,0.0,1.494200000706769e-05,0.0001651420000143844
20,354,17,partial,0,0.25,0.47349450590054415,0.7859554722162609,0.8974813691983092,1,0,0,0,0,1.4632072050076113,0.39301040439077856,664.4316853665684,4.027656041181653,5,20,0.00806601713576093,0.0021664933342997465,0.45016611247017124,0.013095882960312225,0.4207693283569351,0.4603986229402319,0.00014880000000516702,0.0,0.0,0.0,1.4803999988544092e-05,0.0001636039999937111
20,381,19,partial,0,0.5,0.5840593545275078,1.1152939702326017,0.8899431696197725,1,0,0,0,0,6.017328141670361,0.6977259102932608,1019.632228928802,4.438763114441632,2,20,0.07222855615277811,0.00837510169037841,0.4632619954304835,0.04019370125386781,0.5416793399458169,0.54386565327364,0.0001456339999776901,0.0,0.0,0.0,1.4152000005651644e-05,0.00015978599998334175
21,19,0,edge,3,1.0,0.21093388162076268,0.015510141325637244,0.9586819259903355,1,0,0,0,0,1.1807838367665195,0.20058480860916664,4857.360736912414,5.33391217267606,1,21,0.01839918104256966,0.0031255477023598493,0.0,0.18940915287583318,0.0,0.02152472874492951,0.00017042900000774353,0.0,0.0,0.0,1.4176000007637413e-05,0.00018460500001538094
21,21,1,edge,3,1.0,0.5086763002807776,0.06842048109057411,0.9114853620163744,1,0,0,0,0,5.201587062756558,0.20075672959764732,4629.1184521005935,6.182679983887915,2,21,0.13360173500302572,0.005156396896597373,0.18940915287583318,0.18050901550532125,0.0,0.3281672847754563,0.0001474550000182262,0.0,0.0,0.0,1.1772000021892381e-05,0.00015922700004011858
21,54,2,edge,1,1.0,0.46243274662229783,0.14521559351849278,0.858494990826701,1,0,0,0,0,3.171508234236642,0.8478345186609987,4775.870295382659,3.8546661782818603,4,21,0.19743109014648383,0.05277895591633222,0.0,0.2122227005594818,0.0,0.25021004606281605,0.00014894599999593083,0.0,0.0,0.0,1.1982999978954467e-05,0.0001609289999748853
21,67,3,edge,0,1.0,0.26292179209078387,0.029663458795627526,0.909888803302351,1,0,0,0,0,2.1992365886491383,0.08612673535673188,2710.660603538572,6.288772334875363,2,21,0.04735967532875582,0.001854704602803078,0.0,0.213707412159225,0.0,0.049214379931558895,0.000145804999988286,0.0,0.0,0.0,1.1327999999366511e-05,0.0001571329999876525
21,85,4,edge,4,1.0,0.5378063379053634,0.08232771256953576,0.9033835275483237,1,0,0,0,0,1.8568385665747265,0.28223017842611997,5653.553039167856,2.514034813192003,4,21,0.10495327987659954,0.015952373803082107,0.0,0.4169006842256817,0.0,0.12090565367968165,0.00016975900001625632,0.0,0.0,0.0,1.1986999993496283e-05,0.0001817460000097526
21,150,7,edge,1,1.0,0.5069369492006012,0.05302000380964953,0.9180815567650548,1,0,0,0,0,1.3834214763856443,0.41933883366487407,5053.950885687435,5.178144463500155,5,21,0.05382066591887053,0.01631396914008484,0.2122227005594818,0.2245796135821639,0.0,0.2823573356184372,0.0001511140000047817,0.0,0.0,0.0,1.1758999988842334e-05,0.00016287299999362403
21,156,7,edge,3,1.0,0.6821044671236316,0.11510112067887984,0.948588166948857,1,0,0,0,0,6.905010305514271,0.3040410416261193,4877.7023783194845,2.654807069306792,4,21,0.11683927796734991,0.005144660790392695,0.36991816838115443,0.19020235998473453,0.0,0.49190210713889704,0.00016197400000805828,0.0,0.0,0.0,1.2437000009413168e-05,0.00017441100001747145
21,174,8,edge,2,1.0,0.3364085115907385,0.09350342529679743,0.8809249334702988,1,0,0,0,0,3.4362865006271903,0.7837388486339099,1301.3893708515984,5.297205594649227,3,21,0.16072817666806735,0.03665844396323384,0.0,0.13902189095943734,0.0,0.1973866206313012,0.00015138300000216987,0.0,0.0,0.0,1.181999999744221e-05,0.00016320299999961208
21,208,10,edge,0,1.0,0.5330473443705518,0.0042916970281214354,0.8983562590125914,1,0,0,0,0,0.27003354290212583,0.8922750535852029,3709.2562481984646,5.538864899015771,4,21,0.006250391251689919,0.020653242293871336,0.213707412159225,0.2924362986657655,0.0,0.24061104570478625,0.00015238900002145783,0.0,0.0,0.0,1.1982000017951577e-05,0.0001643710000394094
21,215,10,edge,2,1.0,0.7471738619822565,0.09027512803591112,0.9425420741240007,1,0,0,0,0,4.992524593924559,0.989746087552723,4218.192022803505,3.442905643720763,4,21,0.13147593290569073,0.02606452662428648,0.13902189095943734,0.4506115114928419,0.0,0.2965623504894146,0.00015820999999505148,0.0,0.0,0.0,1.2154000017972066e-05,0.00017036400001302354
21,242,12,edge,1,1.0,0.7496294468407968,0.07383292651124237,0.9465440887901818,0,0,0,0,1,6.750146470102001,0.6544949575653888,1366.1960096759337,6.672548619068001,5,21,0.22983355118274315,0.02228468685749556,0.4368023141416457,0.06070889465891239,0.0,0.6889205521818844,0.00015174000000683918,0.0,0.0,0.0,1.2091999991525881e-05,0.00016383199999836506
21,252,12,edge,1,1.0,0.7931051004262223,0.03692394638477909,0.9465440887901818,1,0,0,0,0,3.375757377211651,0.9252359631794078,3356.4962321998473,7.929730897362642,1,21,0.11494006972624592,0.03150305968046583,0.49751120880055816,0.14915076221895246,0.0,0.6439543382072699,0.00015282599997590296,0.0,0.0,0.0,3.565299999763738e-05,0.00018847899997354034
21,284,14,edge,0,1.0,0.7839862412211938,0.004905160874511556,0.971986609073412,1,0,0,0,0,1.7411976118223582,0.7993544630617726,3225.163057352874,3.937735704621606,2,21,0.016155315093858574,0.007416632744475976,0.5061437108249904,0.2542705825578688,0.0,0.5297156586633249,0.00015306299999906514,0.0,0.0,0.0,1.2037999994163329e-05,0.00016510099999322847
21,285,14,edge,3,1.0,1.0348214095386012,0.07526095158148814,0.8675866595380005,1,0,0,0,0,6.066676040966316,0.8520783101332153,4924.105860020184,5.517614224812889,4,21,0.24787451791449094,0.03481453417381143,0.560120528365889,0.19201182908440978,0.0,0.8428095804541913,0.00014975700000263714,0.0,0.0,0.0,1.642600000195671e-05,0.00016618300000459385
21,290,14,edge,1,1.0,1.1003975927259388,0.07345834239810073,0.9225031448871115,1,0,0,0,0,5.309861590420166,0.5406980645188588,4211.898330138105,2.347557870433575,3,21,0.24193756292081672,0.024636267777997562,0.6466619710195105,0.18716179100761393,0.0,0.9132358017183249,0.00015124099999752616,0.0,0.0,0.0,1.216200001863399e-05,0.00016340300001616015
22,17,0,edge,3,1.0,0.11700185388746068,0.0717026065632171,0.9586829606015076,1,0,0,0,0,5.458767725394647,0.3833181389297275,666.0084009467906,4.390821755452212,5,22,0.08505849248453395,0.005972861400140009,0.0,0.025970500002786705,0.0,0.09103135388467397,0.0001574750000088443,0.0,0.0,0.0,1.275399998235116e-05,0.00017022899999119545
22,24,1,edge,3,1.0,0.3191173115647451,0.0879119170097195,0.9113992723967721,0,0,0,1,0,6.678997252613537,0.9210740793792793,2508.3640946706732,1.5336211576244834,1,22,0.17166182483271955,0.0236732029213657,0.025970500002786705,0.09781178380787316,0.0,0.22130552775687196,0.00016453300000307536,0.0,0.0,0.0,1.298300000485142e-05,0.00017751600000792678
22,38,1,edge,3,1.0,0.42569099677279143,0.05037918192901075,0.9113992723967721,1,0,0,0,0,3.8274949419608157,0.8832398863318431,4637.46927344939,6.71735352171306,5,22,0.0983732649415143,0.02270079847591472,0.12378228381065985,0.18083464954470257,0.0,0.24485634722808886,0.00016277599999625636,0.0,0.0,0.0,1.1448999998719955e-05,0.00017422499999497632
22,69,3,edge,0,1.0,0.47619765603413977,0.09974375206359824,0.9099866955129338,1,0,0,0,0,7.400836623037351,0.663256090608398,3839.1686494891637,6.257683445354916,2,22,0.15924750199731383,0.014271612926180706,0.0,0.3026785411106452,0.0,0.17351911492349453,0.00014438400000926777,0.0,0.0,0.0,1.178499999809901e-05,0.00015616900000736678
22,87,4,edge,1,1.0,0.3469048725159737,0.2059293814861966,0.8660402783841129,1,0,0,0,0,4.490612655659281,0.8496891817050166,781.0715179129088,2.556924345429057,4,22,0.26252355780784087,0.04967327269496712,0.0,0.03470804201316566,0.0,0.312196830502808,0.00014609699999823533,0.0,0.0,0.0,1.1585000009972646e-05,0.00015768200000820798
22,172,8,edge,1,1.0,0.20456251705133635,0.06396641225385152,0.940471705692503,1,0,0,0,0,3.242354115485288,0.5206693309305046,950.6171592744992,4.726630996641781,2,22,0.10995538160152958,0.017657045754889102,0.03470804201316566,0.042242047681752,0.0,0.16232046936958433,0.00014427299998942544,0.0,0.0,0.0,1.140899999541034e-05,0.00015568199998483578
22,183,9,edge,1,1.0,0.25646835183532984,0.02570988160933636,0.9108024438396463,1,0,0,0,0,1.3502140493643635,0.5231653647462855,1992.724004834287,4.619864625994202,4,22,0.06556451020179754,0.025404180107800534,0.07695008969491765,0.08854957183081413,0.0,0.1679187800045157,0.00015398399997934575,0.0,0.0,0.0,1.152399997295106e-05,0.00016550799995229681
22,236,11,edge,3,1.0,0.7019450712009198,0.05814107853321145,0.9373707507849179,1,0,0,0,0,7.940966569879149,0.619333610060333,5268.683043592961,7.881661433679507,4,22,0.17799736900486152,0.013882409925407837,0.30461693335536244,0.20544835891528798,0.0,0.4964967122856318,0.00015207299998110102,0.0,0.0,0.0,1.162500001328226e-05,0.00016369799999438328
22,371,18,partial,2,0.75,0.20493048980499656,0.22244641258841605,0.9243942959749146,0,0,0,0,1,6.330633083442977,0.6740827007986426,408.39141563202804,1.0216087525377386,5,22,0.15563817502280752,0.01657227641910467,0.0,0.03272003836308438,0.13999106714600126,0.1722104514419122,0.0001460160000021915,0.0,0.0,0.0,1.4856000007057446e-05,0.00016087200000924895
22,373,18,edge,4,1.0,0.16454683357347688,0.023099806055909302,0.9167939307061604,1,0,0,0,0,1.0970339797959177,0.6527805091370936,796.0339416049409,1.8461147799328923,1,22,0.06635954185431368,0.03948666706369632,0.0,0.05870062465546686,0.0,0.10584620891801,0.00014610299999162635,0.0,0.0,0.0,1.1611999980232213e-05,0.00015771499997185856
22,386,19,edge,1,1.0,0.45333503217388105,0.03484574851841656,0.8834679245112675,1,0,0,0,0,0.8907710318713984,0.19565740147328317,5186.294823155749,5.876277575052767,3,22,0.047042091545222015,0.010332771343349268,0.16549966152573178,0.230460507759578,0.0,0.22287452441430305,0.00014301600000976578,0.0,0.0,0.0,1.1395999990782002e-05,0.00015441200000054778
23,3,0,edge,3,1.0,0.08619767963761563,0.03732571698205866,0.9586803396791914,1,0,0,0,0,2.8415486503657044,0.33164313390503664,942.4868528203589,5.199588644960908,1,23,0.044278295721357525,0.005167813246876872,0.0,0.03675157066938123,0.0,0.0494461089682344,0.0001464750000081949,0.0,0.0,0.0,1.2113999986240742e-05,0.00015858899999443565
23,4,0,edge,3,1.0,0.2803596643504623,0.03477054619841565,0.9586803396791914,1,0,0,0,0,2.6470274816175023,0.86555305022036,4843.6234032229395,1.4685345610574358,5,23,0.041247178927777906,0.013487438941173048,0.03675157066938123,0.1888734758121301,0.0,0.09148618853833218,0.00014716300000827687,0.0,0.0,0.0,1.1562999986836076e-05,0.00015872599999511294
23,61,3,edge,1,1.0,0.3905294657326634,0.08471181245945433,0.9262240669138012,1,0,0,0,0,3.477892457264442,0.8314879389508527,5017.201712880083,4.052540098012878,5,23,0.13524801548704016,0.032334839281651005,0.0,0.22294661096397228,0.0,0.16758285476869117,0.00015739699998107426,0.0,0.0,0.0,1.1837999977615254e-05,0.00016923499995868951
23,121,6,edge,0,1.0,0.6594230209669915,0.1463638077093388,0.8535053605323669,1,0,0,0,0,7.978374874924144,0.17353568236119715,4933.275886890579,3.583197401784298,4,23,0.2647274744638857,0.005758022609997199,0.0,0.38893752389310854,0.0,0.2704854970738829,0.00014504899999678855,0.0,0.0,0.0,1.1346999997385865e-05,0.00015639599999417442
23,256,12,edge,3,1.0,0.5184947938726975,0.03799575598510442,0.9174202739272919,1,0,0,0,0,4.377531891721431,0.4680539480935133,4153.096893775484,7.92533879838584,4,23,0.11827649181154708,0.01264634509316502,0.2256250464815113,0.1619469104864741,0.0,0.3565478833862234,0.00014874499998995816,0.0,0.0,0.0,1.1561999997411476e-05,0.00016030699998736964
23,273,13,edge,4,1.0,0.5482973608286501,0.17085355617895534,0.9645562677058845,1,0,0,0,0,7.123808488456618,0.31269835956332126,4044.1909829663773,6.936166438348692,5,23,0.23955786986074537,0.010515351872151168,0.0,0.29822413909575357,0.0,0.25007322173289653,0.00014489699998421202,0.0,0.0,0.0,1.1586999988821844e-05,0.00015648399997303386
23,287,14,edge,1,1.0,0.5547815440203656,0.04563449500978036,0.9224215840459259,1,0,0,0,0,3.2958904050485187,0.039480126904946164,4044.783352681253,6.11077005258456,5,23,0.15029876998795294,0.0018003676650450834,0.22294661096397228,0.17973579540339527,0.0,0.37504574861697026,0.00014829099998792117,0.0,0.0,0.0,1.1577000009310723e-05,0.0001598679999972319
23,314,15,edge,2,1.0,0.5859830992512572,0.2563837379482598,0.8864427290833189,1,0,0,0,0,7.219525416410165,0.6938753641370494,2409.0041693841686,6.811730556759572,2,23,0.2998231466220125,0.028816284040802033,0.0,0.25734366858844276,0.0,0.32863943066281454,0.00014319400000317728,0.0,0.0,0.0,1.155799998286966e-05,0.00015475199998604694
23,327,16,edge,3,1.0,0.5476253372538288,0.04642063115088657,0.891957048815136,1,0,0,0,0,1.8697786605061968,0.10185815488368323,2801.9372205223317,5.8976027836012035,1,23,0.048169829741553614,0.0026241020299202188,0.38757195696798546,0.10925944851436943,0.0,0.4383658887394593,0.00015514800000460127,0.0,0.0,0.0,1.137499998549174e-05,0.000166522999990093
23,335,16,edge,3,1.0,0.8992867303959114,0.16423607977783655,0.891957048815136,1,0,0,0,0,6.615272339913613,0.7001575582223223,5487.806237133591,2.526028182197708,3,23,0.1704247401247906,0.018037680653976745,0.4968314054823549,0.2139929041347892,0.0,0.6852938262611222,0.00014623100000221712,0.0,0.0,0.0,1.126199998680022e-05,0.00015749299998901733
23,344,17,edge,1,1.0,0.8995074559945808,0.14922210619195375,0.939305330494493,1,0,0,0,0,6.651389409957447,0.7424515806395549,5565.5736180482845,0.9962189231409025,1,23,0.22445615181977055,0.02505458851249647,0.4026824063673676,0.2473143092949462,0.0,0.6521931466996346,0.000150938999979644,0.0,0.0,0.0,1.147799997625043e-05,0.00016241699995589443
23,359,17,edge,4,1.0,0.6008586441608607,0.014358554102925355,0.9097348531992574,1,0,0,0,0,0.38638129261163956,0.3127701804938134,3574.0273431552796,5.773170981454507,2,23,0.021597777178488747,0.01748309453783735,0.29822413909575357,0.26355363334878096,0.0,0.33730501081207964,0.00017982800000027055,0.0,0.0,0.0,1.1157999978195221e-05,0.00019098599997846577
23,368,18,partial,2,0.75,0.5108043189483564,0.6497307152762939,0.9243828351706103,1,0,0,0,0,4.176360730199681,0.22584618187552966,1490.152930320254,3.517276090015066,4,23,0.10268914501765831,0.005553148499505177,0.25734366858844276,0.11939002432625442,0.5108043189483564,0.36558596210560623,0.00014272100000312093,0.0,0.0,0.0,3.3733000009306124e-05,0.00017645400001242706
24,6,0,edge,3,1.0,0.1773835328931374,0.012488002033174307,0.9586826109292297,1,0,0,0,0,0.9507162854987392,0.6679676317946502,3902.1419306732564,6.679141167515107,4,24,0.014814114548947339,0.010408309148931845,0.0,0.15216110919525822,0.0,0.025222423697879186,0.00016626200002178848,0.0,0.0,0.0,1.2858000019377869e-05,0.00017912000004116635
24,14,0,edge,1,1.0,0.1844824010319339,0.04154087586077105,0.8616102462050754,1,0,0,0,0,0.8338460267047256,0.9082645180922518,1834.6925081383256,2.7980793440514518,4,24,0.049278602920649776,0.053676584286025175,0.0,0.08152721382525893,0.0,0.10295518720667496,0.0001516060000028574,0.0,0.0,0.0,1.1806000003389272e-05,0.00016341200000624667
24,16,0,edge,3,1.0,0.4168267740190208,0.07546102417503237,0.9586826109292297,1,0,0,0,0,5.744876114932962,0.1148715546597387,4445.7512274097,6.323551430489349,3,24,0.08951698223143703,0.0017899350154208453,0.15216110919525822,0.1733587475769047,0.0,0.2434680264421161,0.00015430400000582267,0.0,0.0,0.0,1.1879999988195777e-05,0.00016618399999401845
24,42,2,edge,0,1.0,0.5930095677900823,0.14238326864506748,0.8853790017666967,1,0,0,0,0,7.730336130859675,0.5838685405753964,4880.899607460307,2.6144181398577713,3,24,0.1935803398664311,0.014621029229337407,0.0,0.3848081986943138,0.0,0.20820136909576853,0.00015050599998289726,0.0,0.0,0.0,1.1878999998771178e-05,0.00016238499998166844
24,50,2,edge,4,1.0,0.5270420425290088,0.12706983931029225,0.9323856910279833,1,0,0,0,0,3.7434678656504796,0.7552811445944192,4331.697700340187,4.650942544409738,3,24,0.17276062640321546,0.034856140972375146,0.0,0.31942527515341823,0.0,0.2076167673755906,0.0001483029999747032,0.0,0.0,0.0,1.1775000018587889e-05,0.0001600779999932911
24,53,2,edge,1,1.0,0.5087086304067111,0.17576144047696166,0.8585371677244101,1,0,0,0,0,3.839645003691669,0.7603479481978946,3170.838051294304,3.0352442801147284,1,24,0.23896037579919976,0.04732026821876205,0.08152721382525893,0.14090077256349046,0.0,0.3678078578432208,0.00016356800000494331,0.0,0.0,0.0,1.2186999981622648e-05,0.00017575499998656596
24,63,3,edge,2,1.0,0.2774581467722476,0.11629927038924132,0.9241150765821099,1,0,0,0,0,5.710924416322352,0.7751037019039868,623.2363711829508,5.996196050395613,3,24,0.1856794827789109,0.025200973428787157,0.0,0.06657769056454961,0.0,0.21088045620769805,0.00016463399998656314,0.0,0.0,0.0,1.2216000015996542e-05,0.00017685000000255968
24,109,5,edge,3,1.0,0.5655954134202653,0.030333154752720828,0.9612419230803112,1,0,0,0,0,2.958172600079387,0.982451255902834,4579.116235265022,1.3725827865107971,3,24,0.04617947786370799,0.015336862366624413,0.3255198567721629,0.17855921641776995,0.0,0.3870361970024953,0.00015767300001812146,0.0,0.0,0.0,1.2158000004092173e-05,0.00016983100002221363
24,157,7,edge,1,1.0,0.6035099760111626,0.10779670723774357,0.917756012872511,1,0,0,0,0,2.80528846624149,0.6105496378316231,5577.449003844202,0.9074358903931535,2,24,0.10942455961010313,0.023815420782499354,0.22242798638874936,0.2478420092298108,0.0,0.3556679667813518,0.00015102599999750055,0.0,0.0,0.0,1.1816000011322103e-05,0.00016284200000882265
24,162,8,partial,2,0.75,0.33815852231524396,0.3353420325527773,0.8778322511601334,1,0,0,0,0,4.251853290709286,0.30480749741064905,1017.5200402479396,1.4614338510626355,1,24,0.14897336954284301,0.010679625294317452,0.06657769056454961,0.0815230033682146,0.33815852231524396,0.2262306854017101,0.00015082199999483237,0.0,0.0,0.0,1.5313999995214544e-05,0.0001661359999900469
24,235,11,partial,2,0.75,0.45260870616682064,0.7309268670004045,0.9077349484586567,1,0,0,0,0,6.609340396655193,0.751493323235372,1063.782523385115,2.6930539228343493,1,24,0.19689158069491883,0.022386909950707013,0.1481006939327642,0.0852295215884306,0.3649268466511921,0.36737918457839003,0.0001516399999843543,0.0,0.0,0.0,1.549999998928797e-05,0.00016713999997364226
24,328,16,edge,2,1.0,0.47284973355044085,0.0142977557699126,0.8717138623883308,1,0,0,0,0,0.3325099856618148,0.9433746937209313,1709.230714323373,2.691501621653555,2,24,0.014836516523964843,0.04209315459751682,0.23333021552119482,0.18258984690776436,0.0,0.2902598866426765,0.0001604710000151499,0.0,0.0,0.0,1.209399999879679e-05,0.0001725650000139467
24,333,16,edge,4,1.0,0.623157549268291,0.019209142834160142,0.9429121136558585,0,0,0,1,0,0.492300940310109,0.9453942083214137,3329.486422046854,1.4427837825892438,5,24,0.019932971975220693,0.03827844864187381,0.31942527515341823,0.2455208534977783,0.0,0.37763669577051273,0.00015411999999059844,0.0,0.0,0.0,1.1940999996795654e-05,0.0001660609999873941
24,345,17,partial,0,0.75,0.5778472371504552,0.8204766809874521,0.8977333038028302,1,0,0,0,0,3.816209885755632,0.7567687016058571,1988.2117771140342,4.005037089561657,3,24,0.06298625459731219,0.012490409997768176,0.3848081986943138,0.1175623738610609,0.4196962870738062,0.4602848632893942,0.00015676300000677656,0.0,0.0,0.0,1.559400001838185e-05,0.0001723570000251584
24,357,17,edge,3,1.0,0.801698909421135,0.06667476159553853,0.9331011308490857,1,0,0,0,0,4.870637611944702,0.5166554724867496,4787.65327425794,2.8426797154144303,1,24,0.10029050516137379,0.010638368619954855,0.5040790731899328,0.18669096244987354,0.0,0.6150079469712615,0.00015180999997710387,0.0,0.0,0.0,1.1629999988826967e-05,0.00016343999996593084
24,378,18,partial,2,0.75,0.8016414816574093,0.9992508387265426,0.9243906024901541,0,0,0,0,1,7.288054946008963,0.9908347172166521,2273.8188759226414,5.943559605231073,5,24,0.1791839771177516,0.02436064308138164,0.4159200624289592,0.18217679902931697,0.7794344316579407,0.6194646826280924,0.0001492490000032376,0.0,0.0,0.0,1.5338000025622023e-05,0.00016458700002885962
25,22,1,edge,3,1.0,0.20922502961475686,0.04824088982711998,0.9115556634746035,1,0,0,0,0,3.6694323905288764,0.39061672221500465,2692.6943145086657,0.7500442633343494,2,25,0.0941979137863873,0.010027512815797347,0.0,0.10499960301257222,0.0,0.10422542660218465,0.00017448200000558245,0.0,0.0,0.0,1.348300000358904e-05,0.0001879650000091715
25,88,4,edge,0,1.0,0.4177633971406938,0.0820368291118222,0.9070260620583289,1,0,0,0,0,4.9431668917664435,0.3265409684161267,3884.7521128884564,3.9103274031675213,4,25,0.10458245488953218,0.006908618876665123,0.0,0.30627232337449656,0.0,0.1114910737661973,0.00015275699999506287,0.0,0.0,0.0,1.2176000012686927e-05,0.0001649330000077498
25,144,7,edge,1,1.0,0.31281352277335117,0.01825790880727193,0.9178122314299972,1,0,0,0,0,0.4753572893232621,0.8543520179810983,5872.875539566645,2.331016285879411,5,25,0.018533623909595905,0.03331018445138026,0.0,0.260969714412375,0.0,0.051843808360976164,0.00015725200000815676,0.0,0.0,0.0,1.2152000010701158e-05,0.00016940400001885791
25,171,8,edge,3,1.0,0.3176012898736238,0.02476613284865964,0.8694920921719299,1,0,0,0,0,1.2743884411718374,0.5510730841178744,3888.2864563128715,3.71219247647395,5,25,0.04257186689416961,0.01840899464252307,0.10499960301257222,0.15162082532435892,0.0,0.1659804645492649,0.00014955599999666447,0.0,0.0,0.0,1.2056000002758083e-05,0.00016161199999942255
25,217,10,edge,4,1.0,0.35232055110780847,0.09235263762860829,0.8880301317694898,1,0,0,0,0,2.0883826695438956,0.1654973226204456,2809.2803401695537,2.6994598423434666,4,25,0.13450160030448666,0.010658800737615477,0.0,0.2071601500657063,0.0,0.14516040104210212,0.0001505869999789411,0.0,0.0,0.0,1.1782999990828102e-05,0.0001623699999697692
25,298,14,edge,0,1.0,0.5494116015362797,0.011912663868996113,0.9719174409847109,1,0,0,0,0,4.213888834398825,0.7087837828965087,2502.614673812326,3.8695010725026027,3,25,0.039234765858728454,0.00659935913339672,0.30627232337449656,0.19730515316965788,0.0,0.35210644836662175,0.00014863000001241744,0.0,0.0,0.0,1.1790000002065426e-05,0.00016042000001448287
25,300,15,edge,3,1.0,0.44016412946590266,0.01339201003267307,0.8849803188142673,1,0,0,0,0,0.5674826699858819,0.428134922231921,4002.314523934868,1.6506301429927466,4,25,0.015661034587146495,0.011815401913870252,0.25662042833693116,0.15606726462795473,0.0,0.28409686483794794,0.0001628290000041943,0.0,0.0,0.0,1.2050999998791667e-05,0.00017488000000298598
25,325,16,edge,3,1.0,0.7576277490555811,0.16080843858194205,0.8927648160292428,1,0,0,0,0,6.5097322538726825,0.13179917371942126,4479.983952722838,6.550157811585116,2,25,0.1668679402983363,0.0033784886680244997,0.41268769296488583,0.17469362712433442,0.0,0.5829341219312466,0.00014966399999138957,0.0,0.0,0.0,1.1913999998114377e-05,0.00016157799998950395
25,329,16,edge,2,1.0,0.5869752671535582,0.3076749782063686,0.8721500310392223,1,0,0,0,0,7.174875884942605,0.7417081290628421,2197.0546693964297,3.9713186355026804,5,25,0.3192686301003458,0.0330046320100321,0.0,0.2347020050431803,0.0,0.3522732621103779,0.00015242599999965023,0.0,0.0,0.0,1.1754000013297627e-05,0.00016418000001294786
25,383,19,edge,1,1.0,0.5348202324670147,0.0279331131054137,0.8836152971378195,1,0,0,0,0,0.7147800437412193,0.13874801037233364,5149.389347859232,6.0694893854692165,2,25,0.037709968065499415,0.007319990374810402,0.260969714412375,0.22882055961432993,0.0,0.3059996728526848,0.0001490010000111397,0.0,0.0,0.0,1.1849000003394394e-05,0.0001608500000145341
25,398,19,edge,4,1.0,0.6064027660548816,0.03735617104582681,0.9589917214090936,1,0,0,0,0,1.408990838672776,0.8635781430441577,4311.039105592936,5.768282984096337,5,25,0.05043118580701424,0.030909547880212,0.2071601500657063,0.31790188230194905,0.0,0.28850088375293254,0.0001476729999865256,0.0,0.0,0.0,1.1686000021882137e-05,0.00015935900000840775
26,18,0,edge,3,1.0,0.16154978858658728,0.02218064235178741,0.9586782359357238,1,0,0,0,0,1.688537987219482,0.2809124820806847,3355.8842415624213,6.112486721734395,4,26,0.02631218153998718,0.004377408314945188,0.0,0.13086019873165491,0.0,0.030689589854932368,0.00016893000000095526,0.0,0.0,0.0,1.2870999995584498e-05,0.00018180099999653976
26,58,2,edge,0,1.0,0.38661464684782043,0.067733247439564,0.8858591601360357,1,0,0,0,0,3.689558398190295,0.3841950125499237,3614.1381152917656,7.609239346068595,2,26,0.09208824312281373,0.009589181117074455,0.0,0.28493722260793225,0.0,0.10167742423988818,0.00015652299998691888,0.0,0.0,0.0,1.2165000015329497e-05,0.00016868800000224837
26,96,4,edge,3,1.0,0.4972957338403047,0.17228935903070364,0.8539854053401237,0,0,0,1,0,6.475957300387101,0.08524912987867048,3690.4348785074676,6.989839657061797,5,26,0.21963847596077266,0.0028913082799996107,0.13086019873165491,0.14390575086787752,0.0,0.3533899829724272,0.0001566020000041135,0.0,0.0,0.0,1.2072999993506528e-05,0.00016867499999762003
26,146,7,edge,1,1.0,0.23685501709585488,0.06728566065937189,0.918143545251615,1,0,0,0,0,1.7565287549458095,0.7182080497085732,3164.6568642652537,7.016394724490598,5,26,0.06830175034464,0.027927164168866196,0.0,0.14062610258234867,0.0,0.09622891451350621,0.00015141200000812205,0.0,0.0,0.0,1.209399999879679e-05,0.00016350600000691884
26,185,9,edge,3,1.0,0.627767885089358,0.05664947105244877,0.9296959458776676,1,0,0,0,0,6.202618363013437,0.11531544882783257,5278.994902587242,4.86539625270891,3,26,0.1444656525137762,0.00268582082353657,0.27476594959953243,0.2058504621525129,0.0,0.4219174229368452,0.00014863200001968835,0.0,0.0,0.0,1.1847999985548086e-05,0.00016048000000523643
26,195,9,edge,2,1.0,0.11906266425073238,0.00967606904251622,0.9432042106011448,1,0,0,0,0,0.878847927626955,0.7905891923836966,675.7689782004159,7.738633563027187,4,26,0.02467559894250823,0.022197539786225975,0.0,0.07218952552199817,0.0,0.04687313872873421,0.00015010799998549373,0.0,0.0,0.0,1.171600001725892e-05,0.00016182400000275265
26,201,10,edge,4,1.0,0.2464283721384074,0.03772076312092123,0.8882466331174104,1,0,0,0,0,0.8541935796219349,0.7176514166326229,1970.9086089609325,7.251267604695644,3,26,0.05493620035924926,0.04615469251089234,0.0,0.1453374792682658,0.0,0.1010908928701416,0.0001613130000066576,0.0,0.0,0.0,1.1753999984875918e-05,0.00017306699999153352
26,220,11,edge,1,1.0,0.8104177312651301,0.1366904420373787,0.9027534957771547,1,0,0,0,0,7.730005569676731,0.6724188456197217,4836.461916226387,5.263413580557865,2,26,0.4184741608614432,0.03640229099859511,0.14062610258234867,0.21491517682274305,0.0,0.595502554442387,0.00014898199998469863,0.0,0.0,0.0,1.1366000023826928e-05,0.00016034800000852556
26,279,13,partial,2,0.5,0.15780318785039238,0.27389926822345434,0.8906081419707994,1,0,0,0,0,2.7207258953952373,0.7295059230967722,332.5280415518585,2.2251012781811257,1,26,0.05350589423368687,0.014346489968036169,0.07218952552199817,0.01776127812667118,0.15139032042711223,0.14004190972372121,0.00015489599999796155,0.0,0.0,0.0,1.5197999999827516e-05,0.00017009399999778907
26,280,14,edge,0,1.0,0.6303505584615257,0.019611673232303062,0.971714869283464,1,0,0,0,0,6.868033731563042,0.6364506807095661,3486.014395201957,2.1696314813833686,1,26,0.06459171649843132,0.005985620272175068,0.28493722260793225,0.27483599908298706,0.0,0.35551455937853865,0.0001507599999968079,0.0,0.0,0.0,1.1970999992172437e-05,0.00016273099998898033
26,316,15,edge,2,1.0,0.6732725347418143,0.25699672373672566,0.886195191549188,1,0,0,0,0,7.2245711762399045,0.9440091243056874,2279.518297561198,1.1471894184332072,2,26,0.30053999133846443,0.03927049607806944,0.08995080364866935,0.24351124367661103,0.0,0.4297612910652032,0.0001494629999854169,0.0,0.0,0.0,1.171799999610812e-05,0.00016118099998152502
26,322,16,edge,4,1.0,0.3379229245127393,0.08114215772793437,0.9428404114327539,1,0,0,0,0,2.078248049202831,0.3060615049255427,1301.6538314417153,7.283022548279649,3,26,0.08419971520663477,0.0124000075738455,0.1453374792682658,0.09598572246399324,0.0,0.24193720204874608,0.00016860400000950904,0.0,0.0,0.0,1.2049999980945358e-05,0.0001806539999904544
26,330,16,edge,4,1.0,0.7459467035235345,0.1166233085750295,0.9428404114327539,1,0,0,0,0,2.9870066353213907,0.809199886146482,4757.453902859225,4.015035883542865,4,26,0.12101784871678872,0.032784536949239475,0.24132320173225902,0.3508211161252473,0.0,0.3951255873982872,0.00015476299998340437,0.0,0.0,0.0,1.1984999986225375e-05,0.00016674799996962975
26,355,17,edge,1,1.0,0.8041859253618969,0.11837328707008382,0.9393842309561767,1,0,0,0,0,5.280970792442157,0.9757535619305134,5349.029030775446,5.253138118846768,1,26,0.17805413133513784,0.0328986770984129,0.3555412794050917,0.23769183752325457,0.0,0.5664940878386424,0.00014837800000577772,0.0,0.0,0.0,1.689199999077573e-05,0.00016526999999655345
27,25,1,edge,3,1.0,0.37763873220738325,0.10412115944607302,0.9119674744797623,1,0,0,0,0,7.9450010982391275,0.16502838578682336,4362.251353550349,6.689925502250302,2,27,0.2033129164074007,0.004223083419303869,0.0,0.17010273238067866,0.0,0.20753599982670456,0.00015657599999485683,0.0,0.0,0.0,1.2865999991618082e-05,0.0001694419999864749
27,27,1,edge,3,1.0,0.48017210946995276,0.06139324606959093,0.9119674744797623,1,0,0,0,0,4.684632883866349,0.457347575563842,4577.235490568648,1.9291793611858503,3,27,0.11987995497294177,0.011703543932844418,0.17010273238067866,0.17848587818348796,0.0,0.3016862312864649,0.00015281000000300082,0.0,0.0,0.0,1.19229999882009e-05,0.00016473299999120172
27,36,1,edge,0,1.0,0.4788857561298066,0.11331121089272149,0.8784330773888969,1,0,0,0,0,7.765279073940936,0.2236613137809359,3186.913292272345,4.230387831646365,3,27,0.22125793518641146,0.006372834768336924,0.0,0.2512549861750582,0.0,0.22763076995474837,0.0001582840000082797,0.0,0.0,0.0,1.2084999980288558e-05,0.00017036899998856825
27,47,2,edge,1,1.0,0.528432945139808,0.2693187198565155,0.8590008027023684,1,0,0,0,0,5.900621071521455,0.10306273683903644,3507.913662778374,4.685815196371907,1,27,0.36615825594071655,0.006395474563786588,0.0,0.1558792146353048,0.0,0.37255373050450313,0.00014998099999274928,0.0,0.0,0.0,1.1748000019906613e-05,0.0001617290000126559
27,165,8,edge,1,1.0,0.46320810176382476,0.10622611480809488,0.9404614319527741,1,0,0,0,0,5.3837924777776855,0.3037200145983005,2575.1372078721893,3.975605302855133,4,27,0.18259790690494265,0.010301035780948311,0.1558792146353048,0.11442994444262898,0.0,0.34877815732119577,0.00014917100000388928,0.0,0.0,0.0,1.1768999996775165e-05,0.00016094000000066444
27,187,9,edge,2,1.0,0.465499803401372,0.02505300879379328,0.9431335994928484,1,0,0,0,0,2.273320668444981,0.33828722194153127,3670.493513300775,5.208956874807804,2,27,0.06388937435051777,0.009507219663560744,0.0,0.3921032093872935,0.0,0.07339659401407851,0.0001505550000047151,0.0,0.0,0.0,1.1787000005369919e-05,0.00016234200001008503
27,197,9,edge,3,1.0,0.5524358890264147,0.03740554765650918,0.9295024844466864,1,0,0,0,0,4.088473031349442,0.2618828905537736,2624.661750421496,5.301807872821633,4,27,0.0953904202358684,0.006110134221495189,0.3485886105641666,0.10234672400488447,0.0,0.4500891650215302,0.00014887400001839524,0.0,0.0,0.0,1.1677000003373905e-05,0.00016055100002176914
27,206,10,edge,4,1.0,0.4772413216990827,0.18860384913642883,0.8881966579898043,1,0,0,0,0,4.26957228514769,0.9489223482751289,1919.028508340641,7.995731940799506,4,27,0.2746810506317092,0.06104850092334363,0.0,0.1415117701440298,0.0,0.33572955155505285,0.00014769699998851138,0.0,0.0,0.0,1.1618000002044937e-05,0.00015931499999055632
27,237,11,edge,4,1.0,0.5614921852738513,0.0756717134010917,0.9504368341728966,1,0,0,0,0,5.22891116593093,0.23681430707406514,2411.4203447794725,5.176659968841174,1,27,0.23166694243193733,0.01049205937967378,0.1415117701440298,0.17782141331821033,0.0,0.3836707719556409,0.0001580809999950361,0.0,0.0,0.0,1.1924000006047208e-05,0.00017000500000108332
27,317,15,edge,0,1.0,0.6045059008089434,0.06117838822313811,0.9530302378387868,1,0,0,0,0,5.3853883137990906,0.24735786776373467,3531.485116289784,2.811452518394858,1,27,0.07154391697817447,0.003286104868211942,0.2512549861750582,0.27842089278749876,0.0,0.32608500802144463,0.00015862300000435425,0.0,0.0,0.0,1.122799997688162e-05,0.00016985099998123587
27,341,17,edge,1,1.0,0.5870773393642823,0.0472779283054073,0.9395724548002274,0,0,0,1,0,2.1136303183399656,0.7652221669935736,4948.811153467212,5.2296479636444095,2,27,0.07111427471605365,0.025746327979026467,0.2703091590779338,0.2199075775912684,0.0,0.3671697617730139,0.00017229799999540774,0.0,0.0,0.0,1.1860999990176424e-05,0.00018415899998558416
27,343,17,edge,3,1.0,0.6988883639711486,0.06711375142967205,0.9329877429244932,1,0,0,0,0,4.8980323473288285,0.4004634527272186,3558.177179648855,4.660976728673841,2,27,0.10095082266641461,0.00825374602164331,0.45093533456905105,0.1387484607140397,0.0,0.5601399032571089,0.00015060900000207766,0.0,0.0,0.0,1.1901999982910638e-05,0.0001625109999849883
27,349,17,edge,1,1.0,0.8652062210576853,0.07184458947530374,0.9395724548002274,0,0,0,1,0,3.2119195566850287,0.7805210281693745,5415.86042170965,4.0939593005447845,2,27,0.10806683067423023,0.026261066723573413,0.4902167366692021,0.24066158699067952,0.0,0.6245446340670058,0.00014950199999930192,0.0,0.0,0.0,1.1962999991510515e-05,0.00016146499999081243
27,390,19,edge,4,1.0,0.6058479942432599,0.059003060265218475,0.9590122562811189,1,0,0,0,0,2.225983569395612,0.7583433891632504,2437.214730576311,4.088704268968902,5,27,0.0796546919053179,0.027136592494541343,0.3193331834622401,0.17972352638116057,0.0,0.42612446786209934,0.00014927200001579877,0.0,0.0,0.0,1.1896000017941333e-05,0.0001611680000337401
27,396,19,edge,3,1.0,0.7667425311570529,0.01696420022554821,0.9104092853990112,0,0,0,1,0,0.9526101620090992,0.10614246908225584,3887.8836644664,6.301406792087518,3,27,0.022901831469625107,0.0025517856470950576,0.5896837952830908,0.15160511875724197,0.0,0.6151374123998109,0.0001608919999966929,0.0,0.0,0.0,1.247000000148546e-05,0.00017336199999817836
27,397,19,partial,2,0.75,0.6803153435496511,1.1100998633222363,0.8842141525043892,1,0,0,0,0,3.046916676989093,0.9388776104419196,1992.1882270496044,7.5491203995767915,3,27,0.09830703562585048,0.030292352723355277,0.3921032093872935,0.15961274581315177,0.5291747226398281,0.5207025977364992,0.00015026099998749487,0.0,0.0,0.0,1.5359999991915174e-05,0.00016562099997941004
27,399,19,partial,0,0.75,0.7592110475085142,1.3038655540622608,0.8902314265962419,1,0,0,0,0,4.385979927647065,0.5166326430738541,2392.0702319574893,6.989376381992661,3,27,0.07880963225171532,0.009283131542219518,0.529675878962557,0.14144240475202244,0.6353933249599388,0.6177686427564918,0.00015437499999393367,0.0,0.0,0.0,1.4950999997154213e-05,0.00016932599999108788
28,8,0,edge,3,1.0,0.07602663438513174,0.005363302752758874,0.9586756220452748,1,0,0,0,0,0.4082783306730201,0.657791294553784,1523.654754639451,4.727822932003019,4,28,0.006362313293110396,0.01025054229680281,0.0,0.059413778795218544,0.0,0.016612855589913204,0.00015492899999003384,0.0,0.0,0.0,1.2239999989560602e-05,0.00016716899997959445
28,90,4,edge,0,1.0,0.33634077546103386,0.09701352359631715,0.9072224917927985,1,0,0,0,0,5.854383947657233,0.7044575748044364,2508.686684985267,0.6983917273841784,2,28,0.12367509282150317,0.014881814505455233,0.0,0.19778386813407547,0.0,0.1385569073269584,0.00015180300002270997,0.0,0.0,0.0,1.1787000005369919e-05,0.00016359000002807988
28,122,6,edge,3,1.0,0.3770517511091548,0.11984024103490461,0.8862051910710381,1,0,0,0,0,7.155877555601062,0.9921582242215786,1816.4385162944232,3.8970370327870256,2,28,0.21675443434291983,0.030052875136396942,0.059413778795218544,0.07083066283461949,0.0,0.3062210882745353,0.00016069299999799114,0.0,0.0,0.0,1.2223999988236756e-05,0.0001729169999862279
28,136,6,partial,4,0.75,0.10972173093204184,0.18555091458695372,0.9564322648837734,1,0,0,0,0,1.798098792993589,0.7142827653221843,353.83844528681306,2.3376293573437206,2,28,0.05033700722173838,0.019996040738410218,0.0,0.01956939586355281,0.10972173093204184,0.0703330479601486,0.00014971699999932753,0.0,0.0,0.0,1.5149999995855978e-05,0.0001648669999951835
28,176,8,edge,1,1.0,0.4496322955565159,0.14488438530044612,0.9407908246481025,1,0,0,0,0,7.371098738043072,0.3299444047149974,4263.0462539914815,3.570147025685996,4,28,0.24904973270334346,0.011147939909844376,0.0,0.18943462294332808,0.0,0.2601976726131878,0.00016038199999002245,0.0,0.0,0.0,1.2034999997467821e-05,0.00017241699998749027
28,202,10,partial,2,0.75,0.177638156618455,0.2184871709480129,0.9385420933872671,1,0,0,0,0,7.503815904010087,0.2710059362003414,303.74352262829564,3.4070406318615474,5,28,0.14795879251752128,0.005343642701022882,0.0,0.024335721399910824,0.13707560255675752,0.15330243521854417,0.0001505159999908301,0.0,0.0,0.0,1.5106999995850856e-05,0.00016562299998668095
28,211,10,edge,3,1.0,0.42034474520163617,0.10767595274084141,0.9255309484828425,1,0,0,0,0,7.200458611605181,0.1407560911705741,3339.375135168223,0.875363088016947,5,28,0.15681834682615647,0.0030655182834472927,0.13024444162983803,0.1302164384621943,0.0,0.2901283067394418,0.00015057999999612548,0.0,0.0,0.0,2.429999997843879e-05,0.00017487999997456427
28,212,10,edge,4,1.0,0.3974937315143303,0.06788290711295765,0.8883434253784643,1,0,0,0,0,1.5381949714352128,0.4218214650535183,3416.6525046655056,5.889887756985055,2,28,0.09886409175156347,0.027111645011372632,0.01956939586355281,0.2519485988878414,0.0,0.1455451326264889,0.00014293600000314655,0.0,0.0,0.0,1.0916999997334642e-05,0.0001538530000004812
28,241,12,edge,1,1.0,0.5447398337436501,0.04196670573788819,0.9460344163672473,1,0,0,0,0,3.8097030032502555,0.2498309387976181,4863.1411875764725,6.6293452476374215,1,28,0.1306376093559202,0.008566892631740966,0.18943462294332808,0.21610070881266086,0.0,0.32863912493098923,0.0001524150000022928,0.0,0.0,0.0,1.1790999991490025e-05,0.00016420599999378283
28,253,12,edge,2,1.0,0.213039383577322,0.013491870578676693,0.9369416948493136,1,0,0,0,0,1.3410976255188438,0.5624959730003956,1208.4119873143502,0.7940193424152954,5,28,0.041998667447145976,0.017615482169885083,0.024335721399910824,0.1290895125603801,0.0,0.08394987101694187,0.000144645000005994,0.0,0.0,0.0,1.1677999992798505e-05,0.0001563229999987925
28,276,13,edge,3,1.0,0.4154599673507202,0.022698760918694865,0.9265114345173587,1,0,0,0,0,1.4825290490005183,0.39598808412796016,2940.7323207929135,7.672411263272068,4,28,0.0318264772227823,0.008500950283900521,0.26046088009203233,0.11467165975200502,0.0,0.30078830759871517,0.000165323999993916,0.0,0.0,0.0,1.2362999996184953e-05,0.00017768699999010096
28,295,14,edge,0,1.0,0.2900210583866311,0.012482729169526472,0.9718124914449877,1,0,0,0,0,4.392472863591317,0.3710357732502077,604.4183685700518,7.256629623506241,2,28,0.04111229542192758,0.0034727891999983777,0.19778386813407547,0.04765210563062968,0.0,0.24236895275600143,0.0001437630000111767,0.0,0.0,0.0,1.1532000002034692e-05,0.0001552950000132114
28,332,16,partial,2,0.75,0.4282687260089625,0.7593575604489247,0.8676132321658219,1,0,0,0,0,4.927111041026411,0.546089405606964,931.0987323807741,7.935879433305382,2,28,0.16461744230204658,0.01824514212704577,0.15342523396029092,0.07459898782683645,0.4282687260089625,0.33628781838938326,0.00014296300000182782,0.0,0.0,0.0,1.462399998786168e-05,0.0001575869999896895
28,358,17,partial,0,0.75,0.3328065266137827,0.5169188207191548,0.8974764316640172,1,0,0,0,0,0.34465681197629694,0.2534912133091364,1310.3090898740293,2.4301282925739858,5,28,0.0057000450918863865,0.004192319130365654,0.24543597376470516,0.0774781886268255,0.2765962189085488,0.2553283379869572,0.00014437599998018413,0.0,0.0,0.0,1.4445999994450176e-05,0.0001588219999746343
28,394,19,edge,3,1.0,0.6207347452668305,0.037283850409373605,0.910324999263869,1,0,0,0,0,2.0923922319020556,0.5834726300183097,4647.682950844747,1.616402948275371,3,28,0.050333552260734056,0.014035728898227559,0.3751325398440374,0.1812329242638315,0.0,0.439501821002999,0.00017880200002196034,0.0,0.0,0.0,1.197899999283436e-05,0.0001907810000147947
29,98,4,edge,3,1.0,0.22057451437895492,0.0602696773811151,0.854063632823577,1,0,0,0,0,2.266427184964492,0.8163899296157245,2976.4704684599883,3.898627411187807,4,29,0.07683318436559111,0.027676087893977342,0.0,0.11606524211938646,0.0,0.10450927225956845,0.00016286800001807933,0.0,0.0,0.0,1.2838999992936806e-05,0.00017570700001101613
29,131,6,edge,0,1.0,0.4024607742408825,0.1424362662028001,0.8534969850066871,1,0,0,0,0,7.763852458297977,0.2183147190101414,1745.2244132138358,2.0022540973304013,1,29,0.25762375012007216,0.00724422017547359,0.0,0.1375928039453367,0.0,0.26486797029554576,0.00015516300001650052,0.0,0.0,0.0,1.235599998494763e-05,0.00016751900000144815
29,159,7,edge,3,1.0,0.3636074482739372,0.08384553413481945,0.9492311639828056,1,0,0,0,0,5.060468793402853,0.11563816021803158,4115.621840093345,7.716900043530067,3,29,0.0851116966656665,0.001944910722161494,0.11606524211938646,0.16048559876672272,0.0,0.20312184950721446,0.00015034500000865592,0.0,0.0,0.0,1.1927000002742716e-05,0.00016227200001139863
29,198,9,edge,1,1.0,0.4547516004442201,0.12231196201659475,0.9112150180763118,1,0,0,0,0,6.44725268182993,0.17778872048826924,3020.8136557988664,4.189460003152918,4,29,0.31191601747892683,0.008601361290470646,0.0,0.13423422167482263,0.0,0.32051737876939745,0.00014950399997815111,0.0,0.0,0.0,1.2039000012009637e-05,0.00016154299999016075
29,203,10,edge,1,1.0,0.5166643490719768,0.12959492970165923,0.9470369532196808,1,0,0,0,0,6.1571870184194495,0.07846668241403609,4304.66177399936,7.377976495957424,4,29,0.18874095947662525,0.002405299186376591,0.13423422167482263,0.19128386873415237,0.0,0.32538048033782446,0.00016212899998890862,0.0,0.0,0.0,1.219699998955548e-05,0.0001743259999784641
29,213,10,edge,2,1.0,0.24374741878284495,0.10735039602818275,0.9426341627561561,1,0,0,0,0,5.943633543795631,0.3604210035246149,729.4357807348134,5.805538300247591,4,29,0.1563442087834668,0.009480688237218244,0.0,0.07792252176215991,0.0,0.16582489702068504,0.00014845699999455064,0.0,0.0,0.0,1.2020000013990284e-05,0.00016047700000854093
29,265,13,edge,4,1.0,0.3927411639777618,0.005395234274929402,0.963426824013951,1,0,0,0,0,0.22176594112323134,0.1547214305141954,5151.77084866585,5.184385027816545,4,29,0.007564787407456779,0.005277792988811997,0.0,0.3798985835814931,0.0,0.012842580396268776,0.00015409299999191717,0.0,0.0,0.0,1.1927000002742716e-05,0.00016601999999465988
29,318,15,edge,0,1.0,0.22155922985056678,0.03256139317258127,0.95308395627601,1,0,0,0,0,2.8684947855327714,0.2123328519615325,546.292291049643,3.068878158144728,2,29,0.03807830963666662,0.0028186476488664893,0.1375928039453367,0.04306946861969697,0.0,0.17848976123086982,0.00016238500001009015,0.0,0.0,0.0,1.1334999982182126e-05,0.00017371999999227228
29,356,17,partial,2,0.75,0.4056210183728623,0.8029821163437838,0.9305624542179195,1,0,0,0,0,3.6666841809569917,0.8028966413416829,1921.5335246272784,4.450271283638613,2,29,0.07594812840217098,0.016630419801897087,0.07792252176215991,0.1539519398184591,0.4056210183728623,0.170501069966228,0.0001439069999946696,0.0,0.0,0.0,1.4996000004430243e-05,0.00015890299999909985
